1, Gia dụng nhà bếp thương hiệu Đức giảm giá 36%
1, Bánh bông tuyết chà bông trứng muối cho năm mới
1, Ngôi nhà trong mỏ đá bỏ hoang
1, Mẹo giúp bạn vui vẻ hơn trong năm mới
1, Bi kịch của người quét rác trúng số độc đắc
1, Cú 'lột xác' của thiếu niên nặng hơn 600 kg
1, Tại sao ngủ đủ giấc khiến bạn hấp dẫn hơn?
1, 7 xu hướng nhà ở năm 2022
1, Đường tới giảng đường của con trai người mẹ điên
1, Phim ngắn hóa giải hiểu lầm giữa các thế hệ
1, Công đoạn quyết định món lạc rang giòn tan
1, Nước hoa đắt tiền khác gì loại giá rẻ?
1, Hộp bánh ngày cuối năm từ quán cơm đặc biệt nhất Hà thành
1, Vì sao cha mẹ trở thành thủ phạm bạo hành trẻ em?
1, Giao thừa của các gia đình khắp Việt Nam
1, Tại sao người nổi tiếng sợ thừa nhận phẫu thuật thẩm mỹ?
1, Đồng hồ hàng hiệu giảm giá chục triệu đồng 2 ngày đầu năm
1, Giày thể thao Adidas giảm đến 60% hôm nay
1, Thiết bị làm sạch, vệ sinh thông thoáng nhà cửa đón năm mới
1, Đón Tết an toàn với loạt combo ưu đãi khẩu trang y tế
1, Quà Tết dát vàng Kim Bảo Phúc Doji ưu đãi dịp năm mới
1, Dép đúc Adidas đồng giá 369.000 đồng dịp năm mới
1, Cách làm khoai tây đút lò ngon như ngoài hàng
1, Những người chọn mua 'nhà ma ám'
1, 10 thứ gia chủ nên bỏ trước năm mới
1, Nhà vừa xong, đập đi làm lại vì thích thiết kế mới
1, Bưởi Bắc vào Sài Gòn đón Tết sớm
1, 5 đứa trẻ mất mẹ vì Covid-19
1, Phương pháp làm bánh Keto dần phổ biến
1, 4 thứ quan trọng cần chuẩn bị để ngày mai luôn tới
1, Nên sống cho hiện tại hay tương lai?
1, Giới trẻ hào hứng với trào lưu ăn Tết 'xanh'
1, Shop VnExpress ưu đãi xả kho cuối năm
1, Gia dụng nồi chảo giảm giá dịp cuối năm
1, Thói quen tiêu dùng đã thay đổi thế nào sau đại dịch
1, Cách làm chân gà sả tắc giòn ngon cho dịp Tết
1, 3 cách kỷ luật con gây phản tác dụng
1, Cuộc sống sau 21 năm của cậu bé khỏe nhất hành tinh
1, Rước dâu bằng máy cày
1, Những đứa trẻ mắc kẹt khi bố mẹ ly hôn
1, 10 căn hộ thiết kế độc đáo của năm 2021
1, Mẹo đuổi gián khỏi nhà
1, Cách nấu giả cầy Nghệ An chuẩn vị
1, Dấu hiệu nên thay thớt mới
1, Sự khác biệt giữa tự tin và tự kiêu
1, Ngôi nhà có hình trái tim trong hẻm nhỏ
1, Nuôi kiến làm thú cưng
1, Đứa trẻ thiếu hơi mẹ từ lúc chào đời
1, Hành trình theo đuổi sứ mệnh chăm sóc sức khoẻ trẻ em của Vinamilk
1, Kinh nghiệm chăm sóc F0 tại nhà
1, Cam kết 'Dinh dưỡng tích cực' của Knorr
1, Giày tây nam công sở đồng giá 1,29 triệu đồng dịp cuối năm
1, Canh cá nấu su hào ngọt ấm ngày lạnh
1, Nhập viện vì giảm cân theo TikTok
1, Giới trẻ chi tiền để được ngồi không
1, Người Hà Nội chạy sang 'vùng vàng' để ăn uống
1, Biệt thự bỏ phố về biển của bốn cô bạn thân
1, Khát khao tìm mẹ của người con lai Việt - Mỹ
1, Mua cả khu đất để cứu cái cây
1, Thiết bị sưởi ấm ngày lạnh giảm giá kèm miễn phí vận chuyển
1, Chef Tuyết Phạm chỉ cách làm bún chả cá Đà Nẵng
1, Người đàn ông bị cấm xuất cảnh 8.000 năm
1, Sắn hấp nước cốt dừa - quà vặt chiều đông
1, Con gái kèm mẹ 51 tuổi xóa mù chữ
1, Đưa con đi ăn xin để cầu may
1, Vì sao bạn có cảm giác bị theo dõi?
1, 10 thiết kế nhà ống của năm 2021
1, Chàng trai Nga 'trúng sét ái tình' của cô gái Việt
1, Bị lên án vì đi du lịch trong dịch
1, Phụ kiện cho nam giảm nửa giá kèm miễn phí ship
1, Cách cân bằng cuộc sống trong bình thường mới
1, Shop VnExpress ưu đãi sâu cho nồi lẩu, nồi nấu đa năng
1, Loạt sản phẩm gia dụng Châu Âu giảm sâu kèm quà dịp Năm mới
1, Ecopark tổ chức ba điểm bắn pháo hoa mừng năm mới
1, 8 điều cân nhắc trước khi mua máy giặt mới
1, Chè xoài ngọt thơm ngày đông
1, 6 điều xảy ra với cơ thể khi đột ngột bỏ cà phê
1, Người độc thân ấm ức vì tốn tiền mừng cưới
1, Nữ lao công đưa con 2 tuổi cùng đi quét rác
1, Sai lầm ngớ ngẩn của người thông minh
1, Ba chàng trai được lấy vợ nhờ mắc kẹt
1, Lớp khiêu vũ của người mù
1, Chọn dầu ăn chiên rán ở nhiệt độ cao
1, Bố chăm sóc 2 con mắc Covid-19 khi mẹ đi cách ly
1, Cách làm bánh quy bơ Vanillekipferl đơn giản cho Giáng sinh
1, Nguyên nhân tranh cãi về tiền bạc trong hôn nhân
1, Mắc kẹt trong hình hài bé gái 8 tuổi
1, Cô gái đổi cặp tóc lấy ngôi nhà 80.000 USD
1, Sưu tầm hơn 500 phiếu đi chợ mùa dịch
1, Tổ ấm của nữ nghệ sĩ dương cầm
1, Chèo thuyền vượt Đại Tây Dương gây quỹ từ thiện
1, Bé gái mất mạng vì bắt chước thử thách trên TikTok
1, 4 câu hỏi khi mua robot hút bụi
1, Sườn tảng nướng cam cho tiệc Giáng sinh
1, Nhiều gia đình Mỹ sợ nghỉ lễ
1, Cử nhân làm osin lương 'khủng'
1, 7 dấu hiệu bạn có anh chị em 'độc hại'
1, Mùa tuyển người yêu
1, Vợ chồng nghèo 10 tháng gánh hai ca mổ tim cho con
1, Tặng quà Giáng sinh cho trẻ trong khu cách ly
1, Người phụ nữ vẽ tranh trên bánh quy
1, Bánh cây thông cho tiệc Giáng Sinh an lành
1, Cách làm sạch đồ nội thất bằng nhung
1, 8 mẫu cầu thang đa năng
1, 3 mẹo khoa học giúp thay đổi đời người
1, Cả làng trúng số trước Giáng sinh
1, Người đàn ông 24 năm làm ngôi sao Giáng sinh
1, Giáng sinh trong gia đình Việt
1, Lý do phụ nữ ngoại tình
1, Cách làm bánh mỳ bông tuyết cho Giáng Sinh
1, Vườn sân thượng của cô giáo về hưu
1, Thế hệ thiệt thòi nhất vì Covid-19
1, Hồi ức về chuyến bay bắt sóng với Trường Sa
1, Cuộc hôn nhân duyên nợ của cô gái hai lần mắc ung thư
1, Việt Nam trong top 10 nước lười vận động nhất thế giới
1, Loạt máy tập luyện tại nhà của Elip Sport ưu đãi sâu
1, Gia dụng nhà bếp giảm sâu kèm miễn ship trên Shop VnExpress
1, Bánh thuyền hạt cho mùa Giáng sinh, Năm mới 2022
1, 6 điều phụ nữ thông minh không bao giờ làm
1, Mùa tiệc tùng bí mật của người Mỹ
1, Cô gái xỏ kim, xếp hạc giấy bằng miệng
1, Những cách chống ồn cho nhà ở
1, Người đàn ông 'nghiện' chế tạo máy bay mô hình
1, Mùa thu hoạch cúc làm trà 'tiến vua'
1, Thói quen khử khuẩn từ những đợt giãn cách
1, Nhiều sản phẩm giảm sâu kèm quà tặng dịp Giáng sinh
1, Loạt sản phẩm phòng dịch được ưu đãi giá trên Shop VnExpress
1, Bí quyết làm hai món ngon từ thịt cho ngày Tết
1, Làm miến chim câu chặt ngon hơn ngoài tiệm
1, Cây sung cao 10 m mọc giữa nhà
1, Đau đầu vì con nghiện điện thoại
1, Nhà Việt lọt top đẹp nhất thế giới
1, Những đứa trẻ mất tổ ấm trong đại dịch
1, Nhà giàu tranh nhau mua quà Giáng sinh cũ
1, Thể hiện tuyên ngôn sống qua ngôi nhà 'có phong cách'
1, Món ngon từ mực thắng giải tuần 4 'Xèo xèo - Ngại gì bạn chưa nấu'
1, 6 kỹ năng để nấu ăn ngon
1, Bún riêu cua truyền thống Hà Nội
1, Có nên cởi giày dép trước khi vào nhà?
1, Phân loại thế nào để tất (vớ) không 'lạc mất nhau'
1, Người trẻ Hà Nội đổ về các tỉnh xem phim
1, Vợ chồng trẻ bỏ phố về quê, đắp nhà bằng đất
1, Phong cách trang trí nhà sẽ hot năm 2022
1, Loạt nồi cơm điện tiện ích giảm giá sâu trên Shop VnExpress
1, Loạt khẩu trang y tế giảm sâu kèm quà tặng hấp dẫn
1, Lời khuyên vàng khi chọn rèm cửa
1, Truyện tranh siêu nhân có giá 2,6 triệu USD
1, Vẽ cáo khổng lồ trên mặt hồ đóng băng
1, Giàn cà chua nghìn quả của 'nông dân sân thượng'
1, 10 phong cách thiết kế nhà nổi bật năm 2021
1, Lưu ý khi chọn dép đi trong nhà
1, Sườn xào chua ngọt kiểu Hà Nội
1, Đậu hũ tay cầm hải sản
1, Câu hỏi nên đặt ra trước khi mua máy rửa bát
1, Thời lụi tàn của karaoke
1, Chàng trai Việt 47 kg thành nhà vô địch thể hình Nhật Bản
1, 4 cách giúp tường nhà không đơn điệu
1, Lợi ích khi trang trí cây thông thật trong nhà
1, Gia dụng tiện ích cho người nội trợ giảm giá kèm quà tặng
1, Dụng cụ nhà bếp giảm giá sâu kèm miễn phí ship
1, Canh móng giò hầm đu đủ
1, Những tác hại của ngủ quá nhiều
1, 5 bước trang trí cây thông Noel tại gia
1, Căn hộ chia không gian bằng cánh tủ
1, Cha đỡ đầu của 3 đứa trẻ mồ côi vì Covid-19
1, Kiếm tiền từ việc dỗ người lạ ngủ
1, Quảng cáo bị chỉ trích khi ví phụ nữ giống bò sữa
1, Cá đuối chiên nước mắm
1, Loạt sản phẩm bình giữ nhiệt, ấm siêu tốc giảm đến nửa giá
1, Loạt giày nam Pierre Cardin bán đồng giá 990.000 đồng
1, Nhiều người Việt chưa sẵn sàng cho cuộc sống hưu trí
1, Bước ngoặt tuổi 50 của cán bộ hải quan
1, Vé show nhạc của Tùng Dương và Bùi Anh Tuấn ưu đãi sâu
1, Nem lụi từ ức gà cho người giảm cân
1, F0 Hà Nội mòn mỏi chờ cách ly
1, Thói quen tắm tưởng đúng mà sai
1, Thói quen để trở thành người hạnh phúc
1, 10 loại cây cần cảnh giác nếu trồng trong nhà
1, Người mẹ bồng con lên giảng đường
1, Ngôi nhà của gia chủ 'nghiện' màu lá
1, Trổ tài nấu bún mọc đãi cả nhà
1, Làm sạch vòi hoa sen đúng cách
1, Trứng cá chiên lá lốt - món ngon dân dã Thái Bình
1, Chàng trai tạo ‘hoa trên tóc’
1, Mùa phẫu thuật thẩm mỹ của giới trẻ Hàn Quốc
1, Người đàn ông từ Nhật đến Thụy Sĩ để được chết
1, Thành tỷ phú nhờ 'học lỏm' nông dân
1, 7 thiết kế cho gia chủ yêu màu tím
1, Chi 50 triệu đồng tìm chó lạc
1, Cơm cuộn rong biển kiểu Hàn Quốc
1, Loạt sản phẩm đồ uống thiên nhiên cho dịp năm mới
1, Loạt đồng hồ Pierre Cardin giảm đến nửa giá dịp Noel
1, Những món quà Tết phong cách sang trọng của Doji
1, Món ngon từ cá đuối thắng giải tuần ba 'Xèo xèo - Ngại gì bạn chưa nấu'
1, Chef Tuyết Phạm chỉ cách làm chả cá thác lác bọc trứng
1, 8 tác dụng bất ngờ của quả chanh
1, Cá kho dưa đưa cơm ngày lạnh
1, Nhà dành một tầng làm thư viện
1, 8 kỹ năng bố mẹ cần dạy con để tránh bị bắt cóc
1, Người đàn ông không tắm 67 năm
2, Cắm trại sang chảnh ở Đà Lạt ngày đầu năm
2, Nét cổ tích của Moskva mùa đông
2, Cua da - đặc sản nức tiếng ở Bắc Giang
2, Gây tranh cãi khi ăn trứng luộc ở sân bay
2, Mẹo chăm cây cảnh, thú cưng để yên tâm đi du lịch
2, Khách Việt du lịch Thái Lan một tháng giữa Covid-19
2, Vượt suối, tắm thác trong rừng già Bình Định
2, Singapore sẵn sàng đón khách Việt du lịch an toàn 2022
2, Lưu ý khi check in với mai anh đào ở Đà Lạt
2, Gà hầm sâm - món 'lấy độc trị độc' của người Hàn Quốc
2, Không nên treo thẻ yêu cầu dọn phòng
2, Cô gái Hà Nội 4 lần săn tuyết Sa Pa thành công
2, 10 thành phố đẹp nhất thế giới vào mùa đông
2, Các điểm du lịch Ấn Độ đông nghịt bất chấp Omicron
2, Ăn trứng chần trước hay sau khi ăn phở ngon hơn?
2, Những xu hướng du lịch thế giới năm 2022
2, Lý do đặc sản 'ngón tay quỷ' đắt
2, Người Hà Nội có thể đi chơi đâu khi nhiều quận là vùng cam?
2, Khách TP HCM thoải mái du lịch Mũi Né
2, Cảm giác mạnh khi trượt băng trên hồ Baikal
2, 4 homestay đẹp ở Mộc Châu cho mùa săn hoa
2, Nét độc đáo của nhà thờ Phủ Cam
2, Những sự cố dễ xảy ra khi đi chơi dịp lễ Tết
2, Nên nhờ khách sạn giữ hộ chiếu hay đem theo người?
2, Những điểm tham quan nên đến ở Xuyên Mộc
2, 5 gợi ý đi và ăn dịp Tết Dương lịch
2, Khách Tây coi Việt Nam là nơi không nên giao tiếp bằng mắt
2, Bể bơi trên trời đầu tiên bị yêu cầu đóng cửa
2, Tìm thấy thi thể người chèo SUP trên biển Quảng Nam
2, Những người lựa chọn không đi chơi Tết
2, 5 cung leo núi miền Bắc cho ngày đầu năm 2022
2, Hà Nội có quán phở nào kiểu miền Nam?
2, Loạt điểm đến xuất hiện trong bom tấn Eternals
2, Gordon Ramsay lần đầu mò ốc, ăn cà cuống
2, Đường trượt như lao xuống đất từ tầng 53
2, Nhiều điểm du lịch, khách sạn TP HCM giảm giá
2, Hoa anh đào nở sớm ở Trung Quốc
2, Hơn 220 khách Nga đến Khánh Hòa đón năm mới
2, 5 ngày ở khu ổ chuột lớn nhất thế giới của du khách
2, Động băng dài 20 m trên dãy Alps Thụy Sĩ
2, Vũng Tàu là điểm đến người Việt quan tâm 2021
2, Phó thủ tướng: Không vội mở cửa du lịch khi vẫn còn Omicron
2, Quốc gia châu Âu nào không có muỗi?
2, Nhiều thành phố lớn hủy sự kiện đón năm mới 2022
2, 'Muốn phục hồi du lịch, phải mở cửa toàn bộ'
2, Cuộc gặp định mệnh trên hành trình ngày Giáng sinh
2, 3 cung trekking phổ biến gần TP HCM
2, Vì sao hay buồn ngủ khi máy bay cất cánh?
2, Những bức ảnh thôi thúc bạn lên đường
2, Vinpearl đón hàng trăm du khách Nga, Uzbekistan có hộ chiếu vaccine
2, Cách du lịch Bình Thuận thích ứng an toàn trong dịch
2, 'Con đường lịch sử' về căn hầm bí mật ở khách sạn 5 sao
2, Những điều bình thường tại Việt Nam, bị cấm ở nước ngoài
2, Chủ khách sạn tiết lộ mẹo nâng hạng phòng miễn phí
2, Đưa xe đạp công cộng vào tour du lịch TP HCM
2, Nhiếp ảnh gia đưa cảnh đẹp Việt Nam ra thế giới
2, Những ngày bận rộn của ông già Noel khắp thế giới
2, Nhiều khu nghỉ cao cấp 'cháy phòng' Tết Dương lịch
2, Một ngày chinh phục 'nóc nhà' Quảng Ninh
2, 8 trải nghiệm khó quên ở Côn Đảo mùa gió chướng
2, Giáng sinh và năm mới tại khách sạn Metropole Hà Nội
2, Vì sao cần lắc rượu vang trước khi uống?
2, 8 điểm du lịch nổi tiếng không thể ghé thăm năm 2022
2, Đôi bạn thân 12 năm cùng nhau đi khắp Việt Nam
2, Du khách Việt Nam tới Thái Lan phải cách ly
2, Rượu vang nóng - thức uống mùa Giáng sinh
2, Chuyến thăm xứ sở bà chúa Tuyết của khách Việt
2, Sốc vì view phòng khách sạn khác hẳn quảng cáo
2, Gordon Ramsay săn tôm hùm đá khổng lồ
2, Thánh địa La Vang đón Giáng sinh
2, Vì sao trong TP HCM không bán trứng ngải cứu?
2, Bà Rịa - Vũng Tàu sẵn sàng đón du khách
2, Vietravel khảo sát độc giả về tour nghỉ dưỡng kết hợp chơi golf
2, Cơ hội trải nghiệm vé 0 đồng không giới hạn của Vietjet
2, Du khách Việt xem lễ trưởng thành của bộ tộc châu Phi
2, Quán cháo tiết ăn một thèm hai
2, Nghỉ dưỡng mùa đông trên du thuyền Hạ Long
2, Các bài tập chuẩn bị cho một chuyến leo núi
2, Ngôi nhà bị tảng đá bổ đôi
2, Cây thông Noel nổi tiếng nhất nước Mỹ
2, Năm 2021 thăng trầm của du lịch Việt Nam
2, Mùa mật ong bạc hà ở Hà Giang
2, 12 độc giả cuối cùng nhận quà trả lời khảo sát
2, Nữ du khách chèo SUP trôi trên biển hơn 17 tiếng
2, Chiều đông Slovakia qua góc nhìn chàng trai Việt
2, Trekking hút du khách mùa Covid-19
2, Những resort Việt được truyền thông quốc tế vinh danh 2021
2, Người dân khắp thế giới vui chơi Giáng sinh
2, Quán cà phê có cá koi bơi dưới chân khách
2, Hai món cơm rang nổi tiếng châu Á
2, Năm món ăn Google tôn vinh năm 2021
2, Hoạt động đón Giáng sinh tại Hà Nội và TP HCM
2, Kỳ nghỉ mùa lễ hội tại Vinpearl Discovery
2, Khám phá vùng Đất Đỏ miền Đông
2, Du khách đến Đà Lạt tăng mạnh
2, Quán bánh hỏi Bình Định bán hàng trăm phần mỗi sáng
2, Bị đuổi khỏi máy bay vì dùng đồ lót làm khẩu trang
2, Đặc sản khó nuốt từ lòng cá ở Đài Loan
2, Căn phòng hoàng gia ở khách sạn băng nổi tiếng thế giới
2, Những mảnh ghép non nước Cao Bằng
2, Ông già Noel cưỡi xe trên bầu trời Thụy Sĩ
2, Loạt ảnh Việt đoạt giải quốc tế năm 2021
2, Vietravel tung khuyến mại xuân 2022
2, Xóm đạo Sài Gòn lên đèn đón Giáng sinh
2, Trekking Bình Liêu tháng 12
2, Bữa tối Giáng sinh sang chảnh trong khách sạn Việt
2, Lâu đài 'lơ lửng' trên mây
2, Bản giao hưởng nhiếp ảnh ở Đà Lạt
2, Ông già Noel cưỡi môtô, trượt patin đi phát quà
2, Các tour lần đầu xuất hiện ở TP HCM năm 2021
2, Thành phố đẹp nhất thế giới dưới ống kính người Việt
2, Quốc gia nào rộng nhất Đông Nam Á?
2, Thiên đường du lịch Bali 'hấp hối'
2, Đồi hoa cải nở trắng ở Mộc Châu
2, Nơi đèn giao thông có hình trái tim
2, Khu di tích Nguyễn Công Trứ
2, Hà Nội liên kết du lịch an toàn với 11 địa phương
2, Blogger kiếm triệu đô trên TikTok từ du lịch
2, Tạp chí Mỹ chọn Phong Nha là điểm đến năm 2022
2, Ăn và chơi dọc tuyến tàu điện Cát Linh - Hà Đông
2, Những tiệm bánh mì khách xếp hàng dài ở Sài Gòn
2, Dự kiến đón khách quốc tế bằng đường biển, đường bộ
2, 5 truyền thống Giáng sinh kỳ lạ của người Mỹ
2, Bãi biển có cá heo ghé thăm mỗi ngày
2, Vì sao phải đợi lâu để lấy hành lý tại sân bay?
2, Loạt danh hiệu thế giới cho du lịch Việt Nam 2021
2, Cách du lịch và hàng không sống chung với Covid-19
2, Saigontourist Group ra mắt câu lạc bộ ẩm thực
2, Khối đá xếp chồng chênh vênh, đẩy không đổ
2, Tấm biển 'đuổi khách' gây tranh cãi
2, Thực khách bị đói khi ăn nhà hàng Michelin
2, Xu hướng du lịch 2022 qua góc nhìn của travel blogger
2, Các điểm check in mới trên bản đồ du lịch 2021
2, Những thứ bị lấy trộm khó tin trong phòng khách sạn
2, Bánh bao ông già Noel
2, Giáng sinh trắng nơi trời Âu của khách Việt
2, Những trải nghiệm không nên bỏ lỡ ở Vũng Tàu
2, Four Seasons Resort The Nam Hai mở cửa đón khách
2, Sẽ dừng hoạt động du lịch cưỡi voi ở Đắk Lắk
2, Chọn mua đồ cắm trại cơ bản
2, Chủ nhà hàng Phú Quốc gây 'sốt' khi viết văn trả lời khách
2, Bỏ phố về quê, cô gái tay trắng mở homestay
2, Việt Nam vào top 6 điểm đến hot nhất trên Tiktok 2021
2, Nên chụp ảnh hành lý trước khi ký gửi
2, Video quảng bá vẻ đẹp Việt Nam tới khách quốc tế
2, Dòng sông đá khổng lồ ở Nga
2, Triển vọng nối lại du lịch giữa Singapore và Việt Nam
2, Khách Việt thăm bộ tộc châu Phi không bao giờ tắm
2, 3 trải nghiệm thư giãn trên sông Sài Gòn
2, Chè - 'siêu phẩm' của ẩm thực Thái Lan
2, Xu hướng tìm kiếm về du lịch giảm mạnh năm 2021
2, Tour du lịch xa xỉ không đích đến
2, Không nên bọc hành lý ký gửi bằng nilon
2, Bộ ảnh cực quang đẹp nhất năm 2021
2, 11 độc giả nhận quà trả lời khảo sát đợt hai
2, La Veranda Resort Phú Quốc ưu đãi mùa lễ hội
2, Cựu nhân viên khách sạn 'bóc trần' sự thật về buffet sáng
2, Các hãng lữ hành kỳ vọng vào việc mở lại đường bay quốc tế
2, Nhà hàng Thái Lan bán pizza phủ lá cần sa
2, Từ chức phó tổng giám đốc để theo đuổi đam mê du lịch
2, Thắng dền - thức quà ăn chơi cho đêm đông vùng cao
2, Tâm thư của cư dân phố đèn đỏ gửi du khách
2, Những câu hỏi trước khi bay quốc tế trong đại dịch
2, Việt Nam là điểm đến du ngoạn trên sông tốt nhất châu Á
2, Chốn nghỉ dưỡng cho du khách dịp cuối năm
2, 6 quán lẩu ngon cho ngày Sài Gòn se lạnh
2, Google tôn vinh phở Việt Nam
2, Quán cà phê trả tiền 'tùy tâm trạng'
2, 3 tiệm phở được thực khách chọn đến sau giãn cách
2, Săn hoa mận nở trái mùa ở Mộc Châu
2, Khách Tây chỉ ra 8 điều đáng yêu ở Hà Nội
2, Người Lô Lô uyển chuyển trong điệu múa truyền thống
2, Những đồ ăn được UNESCO vinh danh là di sản thế giới
2, Ngôi nhà đơn độc nhất thế giới
2, Chè bột lọc bọc heo quay là đặc sản tỉnh nào?
2, Thiên đường nghỉ dưỡng thành hoang đảo vì Covid-19
2, Đưa ba con đi phượt từ 2 tháng tuổi
2, 'Tiểu Kyoto' ở miền nam Nhật Bản
2, Vietravel xúc tiến du lịch Tây Bắc
2, Đài Loan áp dụng 'bong bóng du lịch' ra sao
2, Loạt yêu cầu kỳ lạ của khách đặt phòng
2, Món ngon trong các chợ phiên Hà Giang
2, Loại nấm 'đắt hơn vàng' ở Nhật Bản
2, Du khách Việt chia sẻ cách đi châu Âu giá rẻ
2, Ban công treo kín đầu búp bê như phim kinh dị
2, Ba địa chỉ làm quà handmade dịp Giáng sinh
2, Leo núi Đại Bàng vùng suối khoáng Kim Bôi
2, Cách dùng toilet trên máy bay đảm bảo vệ sinh nhất
2, Trải nghiệm Sài Gòn ban đêm trên buýt đường sông
2, Top ảnh du lịch đẹp nhất 2021
2, Kinh nghiệm từ hành trình du lịch gần 90 quốc gia
2, Món bánh được mệnh danh là 'Viagra của thế kỷ 19'
2, Vườn cam tự hái đông khách
2, Mùa lá nhuộm đỏ rừng Trùng Khánh
2, Cách bay từ Mỹ về Việt Nam sau ngày 15/12?
2, Những trải nghiệm thú vị ở Singapore
2, Những căn phòng đắt nhất ở các khu nghỉ dưỡng Việt
2, Vì sao rất hiếm đầu bếp nữ làm sushi?
2, Tiệm cơm thố hơn 70 năm tuổi ở Sài Gòn
2, Thiên đường Boracay sạch rác
3, Diễn viên Hàn qua đời ở tuổi 30
3, Trịnh Lữ ra mắt sách 'Vẽ gì cũng là tự họa'
3, Gal Gadot muốn đóng Cleopatra thông minh
3, Phong cách điện tử trỗi dậy thời dịch
3, Quả Cầu Vàng 2022 vắng người công bố giải thưởng
3, Phim mới của Cổ Thiên Lạc gây thất vọng
3, Lan Phương mặc thanh lịch ở tuổi 39
3, Phạm Băng Băng làm đẹp bằng bàn chải đánh răng
3, Những bom tấn được trông đợi năm 2022
3, Hanbin - chàng trai Yên Bái thành ca sĩ thần tượng Hàn
3, Bi Béo - con trai mê tấu hài của Xuân Bắc
3, Hoài Linh tái xuất
3, Ái nữ của 'Trùm phim xã hội đen' chuộng mặc tôn dáng
3, Ba mỹ nhân 'Ỷ Thiên Đồ Long Ký' 2022
3, Bí quyết trẻ hơn tuổi của Lý Nhược Đồng
3, Tòa hủy vụ kiện bìa đĩa 'Nevermind' của Nirvana
3, Những xu hướng làm đẹp thống trị năm 2022
3, 'Rừng thế mạng' vượt doanh thu '007' ở Việt Nam
3, Quốc Cơ, Quốc Nghiệp về nước
3, Trương Trí Lâm nịnh vợ
3, Nguyễn Quang Dũng làm phim 'Đất rừng phương Nam'
3, Á hậu Kim Duyên dương tính nCoV
3, Phong cách Thu Thủy ở tuổi 38
3, 20 sân khấu thi Liên hoan kịch nói toàn quốc phía Nam
3, Khán giả Ukraine chỉ trích 'Emily in Paris 2'
3, Ca sĩ người Việt vào nhóm nhạc Hàn Quốc
3, Công chúa Campuchia hát mừng năm mới
3, Con gái Angelina Jolie khoe tài vũ đạo
3, Thanh Điền nhớ Thanh Kim Huệ
3, Con nuôi thu âm ca khúc tưởng nhớ Phi Nhung
3, Tóc Tiên: 'Sống vui là đủ'
3, Trần Huy Anh: 'Đóng cảnh hôn với Minh Hằng dễ chịu'
3, Park Min Young được khen dung mạo
3, Giai nhân, tài tử TVB dự thảm đỏ
3, 'Spider-Man 3' là phim Người Nhện ăn khách nhất lịch sử
3, Nhan sắc sao nữ 'đẹp thứ hai thế giới'
3, Phương Nga chụp ảnh thời trang ở Sapa
3, 25 tác giả viết về ký ức đại dịch
3, Liên Bỉnh Phát làm mới hit cũ
3, Bạch Tuyết cover 'Mang tiền về cho mẹ' của Đen Vâu
3, Phong cách phản thời trang lên ngôi
3, Vợ Chi Bảo sinh con trai
3, Hồ Văn Cường tập nhạc cùng Ngọc Sơn
3, Hoàng Thùy Linh kết hợp Đen Vâu
3, Diện mạo Park Shin Hye qua 32 năm
3, Trang phục tôn đường cong của Minh Tú ở tuổi 30
3, Hài Tết đả kích thói keo kiệt
3, Trương Đình bị cấm đăng bài trên mạng xã hội
3, Sao gốc Hoa bên gia đình dịp đầu năm
3, Trương Tiểu Phỉ - ảnh hậu mới của Trung Quốc
3, Những phim Hàn lên sóng đầu năm
3, 'Thiên thần' Alessandra Ambrosio khoe dáng trên biển
3, Cặp tình nhân được yêu thích nhất Thái Lan
3, Hoàng Rob - lãng tử vĩ cầm
3, Kylie Jenner chụp ảnh bụng bầu
3, 'Hương vị tình thân' là phim truyền hình của năm 2021
3, Lưu Diệc Phi được khen nhan sắc
3, Minh Tú: 'Bạn trai tôi sống tử tế'
3, Hoa hậu Colombia quấn quýt tình mới
3, Vợ Lý Liên Kiệt đón tuổi 60
3, Loạt phim ra rạp tháng 1
3, Phong cách 'mẹ bốn con' Jennifer Phạm
3, Mối tình khắc cốt ghi tâm của minh tinh Betty White
3, Thảo Nhi Lê - mẫu Việt vào top 'Sao nữ đẹp nhất thế giới'
3, Daniel Craig được trao huân chương danh dự
3, Bạch Tuyết, Lê Khanh, Diễm My khoe nhan sắc
3, Thanh Hằng diện đầm Công Trí
3, Sao Hollywood đón năm mới
3, Dàn nghệ sĩ hát chào năm mới
3, Minh tinh Betty White qua đời
3, Những cuốn sách bán chạy ở Việt Nam
3, Đấu giá nghệ thuật 'hốt bạc'
3, Á hậu Phương Anh, Ngọc Thảo diện áo dài cách tân
3, Nghệ sĩ diễn nhạc kịch về chuyện cách ly
3, Miley Cyrus gặp sự cố trang phục khi biểu diễn
3, Hoa hậu, á hậu trình diễn áo dài
3, Dàn mẫu tạo dáng ở Hồ Con Rùa
3, Tặng quà phim 'No Time To Die'
3, 'Rừng thế mạng' - chuyện phượt thủ đấu tranh sinh tồn
3, 10 ca khúc Âu Mỹ nổi bật năm 2021
3, Vẻ đẹp tuổi 21 của nàng thơ phim Trương Nghệ Mưu
3, Nicole Kidman bức xúc khi bị hỏi về Tom Cruise
3, H'Hen Niê catwalk trên quảng trường ở Dubai
3, Những sao Hollywood cưới trong năm 2021
3, Cảnh võ thuật giả tạo - vấn nạn ở phim Trung Quốc
3, Phim 'Em và Trịnh' hé lộ tạo hình mỹ nhân Dao Ánh
3, 'Trạng Tí' trở lại rạp
3, Sắc vóc 'sao nữ đẹp nhất thế giới' 2021
3, 2021 - năm tiễn biệt nhiều nghệ sĩ vì Covid-19
3, Kim Duyên mở màn show áo dài Vũ Việt Hà
3, Lý Quí Khánh ra mắt bộ sưu tập thổ cẩm
3, 'Mai lan cúc trúc' trong bộ sưu tập Xuân của Thủy Nguyễn
3, Tùng Dương hát cùng Uyên Linh, Văn Mai Hương
3, Bạch Tuyết, Diệu Hiền làm show cải lương trực tuyến
3, Minh Tú công khai bạn trai ngoại quốc
3, 'Mỹ nhân đẹp nhất Philippines' kỷ niệm bảy năm cưới
3, Loạt sao Việt ly hôn năm 2021
3, Trương Đình - 'ngọc nữ' nhiều thị phi
3, Phim truyền hình Việt sôi động năm 2021
3, Phong độ tuổi 56 của Võ Hoài Nam
3, The Rock từ chối đóng tiếp 'Fast & Furious'
3, Dàn sao dự thảm đỏ Kim Kê
3, Những thiết kế ấn tượng năm 2021
3, Hà Anh Tuấn kỷ niệm 15 năm ca hát
3, 'The Silent Sea': Bí mật của mặt trăng
3, Ba người bị bắt vì 'tung tin thất thiệt' về Đồng Lệ Á
3, Thùy Tiên hóa thiếu nữ Thái Lan
3, Hôn nhân 24 năm của nghệ sĩ Trung Anh
3, Phùng Khánh Linh giảm 10 kg đóng MV mới
3, Quản lý của Kim Kardashian bị giết
3, ‘Ma trận 4’: Thương hiệu cũ khó hồi sinh
3, Củng Lợi từ đôi mươi đến tuổi 56
3, Quang Thắng: 'Tôi không mua được nhà to cho vợ con'
3, Giáo sư Trần Quang Hải một đời vì nghệ thuật dân tộc
3, 'Mỹ nữ 4.000 năm có một' bị chọn là diễn viên tệ nhất
3, Vợ chồng Trương Đình bị phong tỏa tài sản
3, Khuyên tai cho đàn ông nở rộ
3, Êkíp khóc khi ra mắt 'Rừng thế mạng'
3, Lý Nhược Đồng diện đầm khoét ngực
3, Giáo sư âm nhạc Trần Quang Hải qua đời
3, Tài tử 'Kẻ hủy diệt' hoàn tất thủ tục ly dị
3, 10 minh tinh nổi bật năm 2021
3, 'Emily in Paris 2': Tình tay ba ở Pháp
3, Hoàng Thùy: 'Tôi buồn khi hay bị nói xấu'
3, Xèo Chu triển lãm tranh ở Dubai
3, Hugh Jackman mắc Covid-19
3, Bạn trai nổi trội khi đi bên Megan Fox
3, Loạt sao gốc Hoa đổ vỡ hôn nhân
3, Hôn nhân sáu năm của Trương Tri Trúc Diễm
3, 10 gương mặt điển trai nhất thế giới 2021
3, Con trai cố nghệ sĩ Hoàng Dũng nối nghiệp bố
3, 'Don't Look Up' - phim hài châm biếm xã hội Mỹ
3, Trúc Diễm ly dị
3, Lisa là sao nữ đẹp nhất hành tinh 2021
3, Quốc Cơ: 'Đoàn kết giúp tôi và Quốc Nghiệp lập kỷ lục thế giới'
3, Robert Pattinson khoe cơ bụng trong trailer 'The Batman'
3, Tài tử 'Phương Thế Ngọc' hiến tài sản trước khi qua đời
3, Nghệ sĩ Minh Sang qua đời
3, 10 phim ăn khách nhất phòng vé thế giới 2021
3, Tân Nhàn ra MV xẩm
3, Đỗ Hải Yến tổ chức loạt triển lãm
3, Lý Quí Khánh mang thổ cẩm đến triển lãm ở Dubai
3, 'The Power of the Dog' - cuộc chiến tâm lý
3, 10 ca khúc nhạc trẻ Việt phổ biến năm 2021
3, Mẹ Địch Lệ Nhiệt Ba lo con gái ế
3, Lý do 'Spider-Man 3' vượt mốc một tỷ USD giữa đại dịch
3, Tài tử 'Phương Thế Ngọc' để tài sản cho giúp việc
3, Dương Mịch: 'Tình yêu không quan trọng với tôi'
3, Đan Trường mua nhà mới ở Mỹ
3, The Rock mua ôtô tặng mẹ
3, Đạo diễn Jean-Marc Vallée qua đời
3, Những sao nam mặc đẹp nhất thế giới 2021
3, Thanh Hằng gợi ý áo dài Tết
3, Fan nữ bị phạt 11 năm tù vì lừa đảo
3, Những mảng sáng - tối trong showbiz Hàn 2021
3, Đỗ Mạnh Cường đón tuổi 40
3, Gu diện đồ hiệu của Tuấn Trần
3, 'Spider-Man 3' sắp cán mốc một tỷ USD
3, Chí Tâm ca vọng cổ tưởng nhớ Thanh Kim Huệ
3, Thảo Ly - vũ công được mệnh danh 'Lisa Việt'
3, Tranh Việt thăng hạng trên thị trường quốc tế
3, Tiễn biệt 'nàng Lan' Thanh Kim Huệ
3, H'Hen Niê thử đồ diễn ở Dubai
3, Nhà thơ Trúc Thông qua đời
3, Múa nón, cồng chiêng được giới thiệu ở World Expo
3, Phim của Song Hye Kyo bị chê
3, Nghệ sĩ tiễn đưa Thanh Kim Huệ
3, Thùy Tiên đầu tư váy áo sau đăng quang
3, Cẩm Vân và con gái hát trong show nhạc Trịnh xuyên Việt
3, CEO Đào Ái Nhi đăng quang Hoa hậu Doanh nhân Việt Nam 2021
3, Những câu chuyện nổi bật Hollywood năm 2021
3, Phong độ Trương Trí Lâm tuổi 50
3, Tình bạn đẹp của Kate Winslet - Leonardo DiCaprio
3, Lý Bình: 'Tôi từng bị gạ tình lấy vai diễn'
3, Võ Hoàng Yến đắt show làm vedette
3, Quốc Cơ mừng sinh nhật con trai từ xa
3, Sắc vóc mỹ nữ ăn chay đẹp nhất Ấn Độ
3, Chung Sở Hồng chuộng để mặt mộc tuổi 61
3, Vợ chồng Jennifer Phạm mở tiệc sinh nhật con
3, Phong cách tuổi 60 của 'mẹ chồng' Lan Hương
3, Những sản phẩm làm đẹp tốt nhất 2021
3, Tài tử 'Kẻ hủy diệt' xây nhà cho cựu chiến binh
3, Ấn phẩm văn chương, hội họa chào Xuân 2022
3, Monogram là mốt hot nhất 2021
3, Sao Việt đón Giáng sinh bên gia đình
3, Mẫu 12 tuổi gây chú ý trên sàn diễn
3, Những bản vọng cổ lay động của Thanh Kim Huệ
3, Kate Winslet 'khóc như mưa' tái ngộ Leonardo DiCaprio
3, Đồng nghiệp viếng Thanh Kim Huệ
3, 'All I Want For Christmas Is You' 27 năm thống trị mùa Noel
3, Những vai diễn in đậm dấu ấn Thanh Kim Huệ
3, Ca sĩ nhóm BTS mắc Covid-19
3, Thùy Tiên trao vương miện Miss Grand Chiang Mai
3, Tài tử Nhật khủng hoảng vì bạn gái qua đời
3, Thanh Hằng hóa nàng tiên trên sàn catwalk
3, Nhà thơ Tôn Nữ Hỷ Khương qua đời
3, Dàn mỹ nhân catwalk trong giai điệu cải lương tuồng cổ
3, Con gái Trần Mạnh Tuấn nhận học bổng trường hàng đầu Mỹ
3, Bạn gái cũ của giọng ca 'Vém rèm châu' bị bắt
3, Người đẹp ngoại cỡ tại Hoa hậu Trái đất Puerto Rico
4, Đáp án bài toán logic nói dối - nói thật
4, Nam sinh tìm ân nhân giúp trả tiền học suốt 7 năm
4, Nỗ lực giải tỏa cho trẻ học online triền miên
4, Thương lượng về lương - kỹ năng thường bị bỏ qua
4, Cơ hội nhận học bổng 100% chương trình Cambridge IGCSE
4, Thạc sĩ Việt chia sẻ kinh nghiệm thành công tại Đức
4, Phân biệt 'for' và 'four' khi giao tiếp tiếng Anh
4, Huyện ở Hà Nội hoãn kiểm tra trực tiếp lớp 1, 2
4, Quốc gia nào không có sông, hồ?
4, 'Mang tiền về cho mẹ' của Đen Vâu vào đề Văn
4, Đại học Kinh tế TP HCM tăng chỉ tiêu tuyển sinh
4, Chạy nước rút thi học kỳ I
4, Học sinh 12 tuổi đạt 8.5 IELTS
4, Huyện đầu tiên của Hà Nội cho học sinh lớp 1, 2 đến trường
4, Phụ huynh Trung Quốc nỗ lực đưa con rời bỏ giáo dục hà khắc
4, 6 cách đạt học bổng loại A của cử nhân tốt nghiệp xuất sắc
4, Phân biệt 'go', 'arrive', 'come' và 'reach'
4, Quỹ VietSeeds 10 năm đồng hành với hàng nghìn sinh viên
4, upGrad - nền tảng đào tạo trực tuyến ngành phân tích dữ liệu
4, Trường Quốc tế Úc sẵn sàng đón học sinh trở lại
4, 5 câu đố giúp học từ vựng tiếng Anh
4, Trải nghiệm bán hàng rong của nữ sinh Ngoại thương
4, Đại học mở nhiều ngành mới, giảm chỉ tiêu từ thi tốt nghiệp
4, Sinh viên trường nào được trả lương cao nhất tại Mỹ?
4, Sinh viên chế thùng mua cơm vì lệnh phong tỏa
4, Phân biệt 'can', 'could' và 'be able to'
4, Cô giáo uống thuốc ngủ tự tử bị buộc thôi việc
4, ĐH Kinh tế Quốc dân giảm mạnh chỉ tiêu từ thi tốt nghiệp
4, Tỉnh nào đông dân nhất Việt Nam?
4, 451 ứng viên được đề nghị công nhận giáo sư, phó giáo sư
4, Hai cô giáo mắng mỏ, xúi học sinh cô lập bạn
4, Bài toán logic nói dối - nói thật
4, 4 thách thức với giáo dục năm 2022
4, Trường học Mỹ bế tắc với bạo lực học đường
4, TP HCM mở rộng cửa trường, hơn 600.000 học sinh đến lớp
4, Bài học giúp nữ sinh Việt tự tin sau kỳ thực tập tại Mỹ
4, Quốc gia nào sản xuất cà phê nhiều nhất thế giới?
4, Học sinh 10 quận, huyện của Hà Nội dừng học trực tiếp
4, Nam sinh vào chung kết Olympia: Vượt lên sau thất bại
4, Nữ sinh Việt chia sẻ bí quyết đạt GPA 4.0 ở đại học Mỹ
4, 10 bí quyết chinh phục bài nghe IELTS
4, Trường học Anh gộp lớp vì thiếu giáo viên
4, Trường học TP HCM chuẩn bị đón hơn 600.000 học sinh
4, Bài tập về câu điều kiện trong tiếng Anh
4, Trường học 'xanh' hướng đến giáo dục bền vững của UTS
4, Đuổi hình bắt chữ từ chỉ bộ phận cơ thể
4, Tủ bánh 0 đồng của giáo viên vùng cao
4, Nghỉ đông - cơ hội kiếm tiền của du học sinh ở Nhật
4, 15 câu chúc mừng năm mới bằng tiếng Anh
4, Du học sinh Việt khắp thế giới đón năm mới
4, Xã có 35 học sinh, giáo viên nhiễm Covid-19
4, Nơi nào đón năm mới cuối cùng trên thế giới?
4, Đại học Mỹ dạy online, trường phổ thông mở cửa sau kỳ nghỉ
4, 9X Việt tốt nghiệp sớm đại học Mỹ với điểm xuất sắc
4, Sinh viên tận dụng Tiktok, Instagram để tìm việc
4, Đáp án bài toán 25 con ngựa thi Olympic
4, Điền giới từ đứng sau danh từ tiếng Anh
4, Các kênh giáo dục trên mạng xã hội thu hút giới trẻ
4, Đề xuất cho trẻ mầm non TP HCM đi học từ tháng 2/2022
4, Bốn câu đố rèn tư duy nhanh
4, TP HCM dạy trực tiếp khối 7-12 từ 4/1
4, Du học sinh Trung Quốc vật lộn tìm vé máy bay về nước
4, Lịch nghỉ Tết của các trường đại học
4, 400 suất học bổng cho học sinh nghèo Long An
4, Hơn 60% phụ huynh đồng ý mở rộng học trực tiếp
4, Quốc gia nào không có thủ đô?
4, Những câu hỏi đặt ra từ nghi vấn lộ đề thi Sinh học
4, Phụ huynh quá tải tin nhắn từ nhóm chat của con
4, Anime và K-pop thúc đẩy sinh viên học tiếng Nhật và Hàn
4, Sở GD&ĐT Quảng Nam có giám đốc mới
4, Bé 6 tuổi đi 'cảm nhận không khí' tuyển sinh sau đại học
4, Lợi thế du học Mỹ
4, Thầy giáo 'xin nghỉ vì những điều dối trá' được thôi việc
4, Đề xuất thêm 4 khối lớp ở TP HCM học trực tiếp từ 3/1
4, Thử thách đoán màu sắc
4, Cách dùng câu nhấn mạnh trong tiếng Anh
4, Lớp học không mái che, không ghế, không bàn
4, Đề xuất lắp máy lọc không khí trong lớp học ở Anh
4, Cách ứng dụng học tiếng Anh Babilala phát triển trong đại dịch
4, Tỉnh nào rộng thứ nhì ở Việt Nam?
4, Trường học tìm cách chống gian lận thi trực tuyến
4, Những đại học Mỹ miễn học phí cho sinh viên quốc tế
4, Giám đốc Sở GD&ĐT Quảng Nam nghỉ hưu trước tuổi
4, Sinh viên Trung Quốc vỡ mộng với cuộc sống du học
4, Nữ sinh khiếm thính học tiến sĩ
4, Đỗ đại học hàng đầu sau 2 lần phẫu thuật cột sống
4, Học cách nhấn trọng âm qua từ 'calendar' và 'determined'
4, Nền tảng học tiếng Anh Edupia vào top 10 'Tin dùng Việt Nam 2021'
4, MC Diệp Chi chia sẻ những kỷ niệm thời đi học với Thiên Long
4, Nhiều phụ huynh không muốn trẻ đến trường cận Tết
4, Nước Đông Nam Á nào chưa từng là thuộc địa của châu Âu?
4, 4 phim ngắn tiếng Anh giúp luyện phương pháp 'shadowing'
4, Học trò cũ gây quỹ chữa bệnh cho cô giáo 97 tuổi
4, Bài toán 25 con ngựa thi Olympic
4, Không nộp SAT - lựa chọn mới khi du học Mỹ
4, Ông 88 tuổi học cao đẳng và đại học cùng cháu
4, Đại học Ngoại thương công bố phương án tuyển sinh 2022
4, 10 tỷ đồng hỗ trợ hơn 800 trẻ mồ côi vì đại dịch
4, Thử thách suy luận với bốn câu đố IQ
4, Nam sinh Thái Bình giành vé đầu tiên vào chung kết Olympia 2022
4, Học sinh Trung Quốc ngủ nhiều hơn nhờ giảm bài tập
4, Nữ sinh giành học bổng 6 tỷ đồng của đại học Ivy League
4, Những điều cần biết để viết tắt tiếng Anh đúng cách
4, Sinh viên Trung Quốc ám ảnh vì giáo dục thể chất
4, Giáo viên tiểu học bị đuổi việc vì ngược đãi ngựa
4, 3.500 máy tính hỗ trợ học sinh nghèo Bình Thuận
4, Tỉnh nào có nhiều thị xã nhất Việt Nam?
4, Thêm 6 quận ở Hà Nội dừng dạy học trực tiếp
4, Đại học Luật TP HCM công bố phương án tuyển sinh 2022
4, Cô giáo nuôi hàng nghìn đứa trẻ vào kỳ nghỉ đông
4, Trẻ mầm non nghỉ dài ngày, cha mẹ vừa mệt vừa lo
4, Học sinh lớp 6 cứu sống hai người trong một ngày
4, Đáp án bài toán 64 con bọ trong đề thi IMSO 2021
4, Đề xuất khối 7-12 ở TP HCM học trực tiếp
4, Thử thách từ vựng trong 7 giây
4, 'Đề Sinh trùng hợp bất thường, nhưng tôi không làm gì khuất tất'
4, Trường học đội chi phí, thiếu nhân viên khi mở cửa
4, 10 nơi chi phí hợp lý để du học
4, Phân biệt tính từ đuôi 'ing' và 'ed'
4, Phát động cuộc thi vẽ tranh cổ động đội mũ bảo hiểm cho học sinh
4, Thầy giáo nhiều lần phản ánh nghi vấn lộ đề Sinh tốt nghiệp THPT
4, Quốc gia nào nhiều đảo nhất thế giới?
4, Thủ khoa tốt nghiệp điểm cao nhất miền Bắc
4, Thầy giáo Toán nâng điểm thi cho 37 học sinh
4, Cô gái 'vàng' duy nhất của kỳ thi Kỹ năng nghề quốc gia
4, Đi cách ly gặp học sinh, cô giáo tình nguyện dạy kèm
4, Phân biệt cách phát âm 'beg', 'bag' và 'back'
4, Quỹ Hy vọng trao 100 suất học bổng cho học sinh khuyết tật
4, Thêm cơ hội chung tay với trẻ em hoàn cảnh khó khăn
4, Kiểm tra tư duy với 5 câu đố
4, 5 cách rút gọn câu có mệnh đề quan hệ
4, 80% công ty gia sư đóng cửa do Trung Quốc siết học thêm
4, Cụ ông 97 tuổi nhận bằng tốt nghiệp cấp ba
4, Kinh nghiệm nắm bắt giảm âm, nuốt âm khi nghe tiếng Anh
4, ICANKid liên kết đối tác thế giới giúp trẻ 'chơi mà học'
4, Quận nào nhỏ nhất Việt Nam ?
4, Lớp 9 và 12 TP HCM tiếp tục đến trường sau 25/12
4, Sau 34 ca F0, phụ huynh mong 'tăng giải pháp an toàn để học tiếp'
4, Bộ Giáo dục hướng dẫn đón trẻ mầm non đến trường an toàn
4, Chi-Shen Tao - thần đồng học đại học từ 9 tuổi
4, Một trường ở Quảng Nam có 14 giáo viên và học sinh F0
4, Nhiều trường ở Mỹ đóng cửa vì trào lưu bạo lực trên TikTok
4, Một năm giáo dục đảo lộn vì Covid-19
4, Việt Nam giành 22 huy chương Olympic Toán và Khoa học quốc tế
4, Cách làm bài tập nối câu với đại từ quan hệ
4, Việt Nam đạt thành tích chưa từng có tại Olympic Khoa học trẻ quốc tế
4, Học bổng SCG đồng hành với giáo dục thế hệ trẻ
4, Khiển trách thầy giáo thể dục đánh nhiều học sinh
4, Quốc gia nào nằm cao nhất thế giới?
4, Học sinh lớp 1 kiểm tra online thế nào
4, Cô giáo nổi tiếng với video chào học sinh mỗi sáng
4, Thầy giáo rời phố về quê dạy trẻ bị bỏ lại
4, Nữ sinh trả lại gần 17 triệu đồng nhặt được
4, 7 nguyên tắc ngữ pháp phải biết để thành thạo tiếng Anh
4, Bài toán 64 con bọ nhảy trên thảm trong đề thi IMSO 2021
4, ĐH Quốc gia Hà Nội tổ chức 16 đợt thi đánh giá năng lực
4, Đại dịch làm tăng tỷ lệ trầm cảm ở sinh viên Indonesia
4, Sinh viên TP HCM trở lại trường
4, Thử thách tư duy với năm câu đố IQ
4, Trường học Mỹ vội vàng ứng phó với biến chủng Omicron
4, Không nộp điểm SAT, nam sinh vẫn đỗ trường top của Mỹ
4, Những từ tiếng Anh đáng nhớ nhất năm 2021
4, Thiếu giáo viên vì Omicron, Anh tuyển dụng thầy cô đã nghỉ hưu
4, Thêm một quận ở Hà Nội dừng học trực tiếp
4, Huyện nào rộng nhất Việt Nam?
4, Hàn Quốc lại đóng cửa trường học ở Seoul
4, Thầy giáo về hưu được học trò tặng ôtô
4, 'Thần đồng' thành chuyên gia công nghệ nhờ học không ngừng nghỉ
4, Tuần đầu mở cửa trường học tại TP HCM
4, 10 câu tiếng Anh không thể thiếu trong giao tiếp
4, Giám đốc Sở GD&ĐT Quảng Nam xin nghỉ hưu trước tuổi
4, Đáp án bài toán tìm số bài hát chào năm mới
4, Thử thách trí thông minh với câu đố tư duy
4, 19 học sinh được tặng Huân chương Lao động
4, Chàng trai Tây Ban Nha tốt nghiệp thủ khoa Học viện Ngoại giao
4, Mệt mỏi do học online, thầy - trò mong được hỗ trợ tâm lý
4, Cách dùng mệnh đề quan hệ trong tiếng Anh
4, Thử sức với bài tập chia động từ
4, Các đại học Mỹ siết lại quy định phòng dịch
4, Phát hiện 8 F0 sau 4 ngày học trực tiếp ở TP HCM
4, Thách thức trí thông minh với bốn câu đố IQ
4, Hàng chục trường xét tuyển bằng kỳ thi của ĐH Quốc gia Hà Nội
4, Bố tiến sĩ bắt con 7 tuổi học Toán đại học
4, Chi phí học tập tại các nước châu Âu
4, Những quy tắc cần biết khi viết email tiếng Anh
4, 'Sinh viên tổn hại tâm lý vì trường học đóng cửa'
4, Đại học Cornell hoãn tốt nghiệp vì hơn 900 ca Covid-19
4, Lợi thế du học Đức ngành điều dưỡng trong năm 2022
4, Chuyên gia đề xuất xây dựng mô hình đại học số
4, Thành phố nào của Australia được gọi là 'thủ đô bụi rậm'?
4, Trường học được khen vì cho nữ sinh mặc quần đồng phục
4, Học sinh lớp 1, 2 không bắt buộc thi trực tiếp
4, Cô giáo bị cáo buộc lạm dụng tình dục học sinh
4, Trung Quốc gây tranh cãi vì khóa ứng dụng giải bài tập
4, Vượt 2.000 km đi học, cô gái Bạc Liêu thành thủ khoa ĐH Kiểm sát
4, 7 cách giúp bạn hiểu tốt văn bản tiếng Anh
4, Thành phố nào rộng nhất Việt Nam?
4, Nam sinh lai Việt - Hàn được bộ trưởng vinh danh
4, Phụ huynh băn khoăn vì lớp 1, 2 thi học kỳ trực tiếp
4, Ngày đầu đi học lại ở TP HCM: Niềm vui lấn át lo âu
5, Công nghệ 6G nhanh gấp hàng chục lần mạng 5G
5, Trung Quốc dự định phóng hơn 40 tên lửa vũ trụ năm nay
5, Sinh viên làm máy vớt rác tự động
5, Sinh viên làm máy vớt rác tự động
5, Việt Nam có 5 loài linh trưởng đặc hữu nguy cấp toàn cầu
5, Cánh cửa thần tới thế giới bên kia trong lăng mộ Ai Cập
5, Rủi ro sinh thái từ 'cơn sốt kho báu' dưới biển sâu
5, Công ty Mỹ ra mắt tàu du hành vũ trụ mới
5, Trang trại công nghệ cao sản xuất 15.000 tấn giòi mỗi năm
5, Cỗ máy vừa thu hoạch vừa trồng tảo biển
5, Nhà chống bão chịu được vận tốc gió 305 km/h
5, SpaceX mở màn năm 2022 bằng vụ phóng 49 vệ tinh
5, Cánh tay robot Trung Quốc dịch chuyển tàu vũ trụ thành công
5, Xe máy bay cất hạ cánh thẳng đứng
5, Tiểu hành tinh 1.000 m lao đến gần Trái Đất
5, Tên lửa Nga rơi xuống Trái Đất sau thử nghiệm thất bại
5, Trăn vỡ bụng khi nuốt chửng cá sấu
5, Hóa thạch hiếm của cá mập bị đồng loại ăn thịt
5, Tuyến đường sắt dốc nhất thế giới
5, Module mặt tiền giúp sưởi ấm hoặc làm mát nhà
5, Sao chổi rực sáng trên bầu trời
5, Hổ cắn đứt tay nhân viên sở thú
5, Cá vàng 'lái xe' để lấy thức ăn
5, Kênh đào sâu nhất thế giới
5, Mảnh vỡ tên lửa Nga rơi xuống Thái Bình Dương
5, Gần 4 thập kỷ cải tạo vùng đất khô cằn ở Ninh Hạ
5, Tiểu hành tinh 340 m tới gần Trái Đất vào năm 2029
5, Linh cẩu cướp mồi của trăn
5, Lò phản ứng hạt nhân dạng module nhỏ đầu tiên phát điện
5, Thủy phi cơ tốc độ 176 km/h
5, Ảnh chụp 'tinh vân ngọn lửa' cách xa hơn 1.300 năm ánh sáng
5, Chiết xuất từ vi khuẩn ngăn nCoV bám vào tế bào
5, Mảnh tên lửa Nga có thể rơi mất kiểm soát xuống Trái Đất
5, Kính James Webb hoàn thành mở tấm chắn nắng dài 21 m
5, Hầm cao tốc dưới nước dài nhất Trung Quốc
5, Thiên thạch nổ mạnh bằng 30 tấn thuốc nổ ngày đầu năm
5, Siêu núi lửa khổng lồ có thể nằm dưới quần đảo Alaska
5, Sinh viên sáng tạo máy loại bỏ nước trong mật ong
5, Voi nổi điên giẫm chết hai người
5, Gà tây mổ đuổi trăn
5, Giải mã bí ẩn bào thai trong bụng xác ướp 2.000 năm
5, Phòng thí nghiệm chuyên phát hiện tiền giả
5, Trung Quốc ra mắt trạm xăng tự động 100% đầu tiên
5, Robot lỏng hoạt động liên tục không cần điện
5, Gạch có thể lưu trữ nhiệt năng 30 năm
5, Ngôi sao phóng năng lượng gấp một tỷ lần Mặt Trời
5, Mỹ biến mỏ than thành trang trại điện mặt trời 200 MW
5, Tàu Trung Quốc chụp ảnh 'tự sướng' phía trên sao Hỏa
5, Tiến sĩ Việt thắng giải quốc tế về công nghệ in 3D
5, Những thành tựu khoa học của Trung Quốc năm 2021
5, Thằn lằn cổ diềm chạy trốn trăn
5, Việt Nam thuận lợi nhất để quan sát mưa sao băng Quadrantids
5, Hố tử thần sâu 100 m giữa sa mạc
5, Dây chuyền sản xuất 240 vệ tinh mỗi năm ở Trung Quốc
5, 2021 là năm ngắn nhất lịch sử
5, Những bước tiến mới ở trạm vũ trụ Trung Quốc trong năm 2022
5, Núi lửa Tây Ban Nha ngừng phun trào sau gần 3 tháng
5, Ổ trứng khủng long hóa thạch 60 triệu năm
5, Những cấu trúc không gian kỳ lạ được phát hiện năm 2021
5, 'Mưa cá' trút xuống thành phố ở Texas
5, Hệ thống vận chuyển rác thông minh
5, Kính viễn vọng James Webb mở tấm chắn nhiệt khổng lồ
5, Những sự kiện thiên văn đáng chờ đợi năm 2022
5, 10 khám phá ấn tượng về khủng long năm 2021
5, Mạng lưới xa lộ dài 9.400 km ở Tân Cương
5, 'Mặt trời nhân tạo' của Trung Quốc lập kỷ lục mới
5, Chế tạo máy laser tia X sáng nhất thế giới
5, NASA 'gia hạn' Trạm Vũ trụ Quốc tế đến năm 2030
5, Những sinh vật biển sâu kỳ dị lọt vào ống kính năm 2021
5, Những sự kiện vũ trụ đáng mong đợi năm 2022
5, Sư tử núi mò vào nhà dân bắt trộm gà
5, Kính viễn vọng James Webb nhìn từ Trái Đất
5, Xác tàu chiến 2.000 năm chứa hơn trăm loài động vật
5, Hổ chết nhiều kỷ lục ở Ấn Độ
5, Cầu vượt biển dài 25 km xây trong 4 năm
5, Phó Thủ tướng nói về điểm cần 'chuyển biến' của khoa học công nghệ
5, Tòa nhà in 3D bằng bê tông thật lớn nhất thế giới
5, Thâm Quyến ra mắt tàu điện ngầm tự lái 100% đầu tiên
5, Siêu đập thủy điện đe dọa cá tra dầu sông Mekong
5, Tảo có thể tồn tại trong môi trường giống sao Hỏa
5, Bảo hộ nhãn hiệu, chỉ dẫn địa lý các sản phẩm xuất khẩu của Việt Nam
5, Báo hoa mai mẹ liều mạng dụ kẻ thù tránh xa con
5, Phát hiện beo chồn bạch tạng quý hiếm
5, Bốn định hướng phát triển trí tuệ nhân tạo tại TP HCM
5, Tiểu hành tinh vận tốc 60.000 km/h tới gần Trái Đất
5, 'Thịt' in 3D làm từ bơ ca cao
5, Năng lượng hạt nhân ứng dụng trong nhiều lĩnh vực đời sống
5, Cánh rừng 4.667 ha chết khô trên sa mạc Gobi
5, Phà chạy bằng hydro đầu tiên trên thế giới
5, Nhật Bản dự định đưa người lên Mặt Trăng
5, Hòn đảo được ví như 'viên ngọc' trên Thái Bình Dương
5, Rắn hổ mang bị đàn cầy vằn đánh đuổi
5, Hàng nghìn con cá tạo sóng ngăn chim săn mồi
5, Mực nước biển có thể tăng 5 m vào năm 3000
5, Chấn thương xương hay dây chằng tồi tệ hơn?
5, Ngư dân đánh bắt 1.500 tấn cá trên hồ đóng băng
5, Tiến sĩ 4 bằng sáng chế 'dạy' máy học đo ô nhiễm môi trường
5, Cừu sừng lớn đực khiêu chiến giành bạn tình
5, Hóa thạch 'chim sấm' nặng hơn 2 tạ
5, Trang trại điện gió ngoài khơi lớn nhất Trung Quốc phát điện
5, Báo hoa mai trèo qua cổng bắt chó nhà
5, Khung cảnh mùa đông như 'chốn bồng lai' trên núi Yuntai
5, Kính viễn vọng James Webb mở ăngten thành công
5, Tàu làm lệch hướng tiểu hành tinh gửi về ảnh chụp đầu tiên
5, Hài cốt nạn nhân chết trong trận sóng thần 3.600 năm trước
5, Tên lửa Nga phóng cùng lúc 36 vệ tinh Internet
5, Kháng thể có thể vô hiệu hóa omicron
5, Chó sói mò vào trang trại tấn công bò
5, Trung Quốc phát triển công tố viên AI đầu tiên trên thế giới
5, Nhà khoa học Việt tạo vật liệu cách nhiệt từ rác phế thải
5, Tại sao các trung tâm thương mại lớn dễ hứng mưa đá?
5, Nền tảng DrAid nhận giải thưởng quốc tế về trách nhiệm xã hội
5, Tinh tinh bị đồng loại đánh chết
5, Hiện tượng 'tua băng' hiếm gặp ở Nam Cực
5, 10 thiên tai gây thiệt hại kinh tế nặng nề nhất năm 2021
5, Thông xe đường cao tốc xuyên sa mạc đầu tiên ở Tân Cương
5, Sếu hoang chết hàng loạt ở Israel
5, Cá tay hồng hiếm gặp xuất hiện lần đầu tiên sau 22 năm
5, Phi hành gia Trung Quốc bước ra ngoài vũ trụ 6 tiếng
5, Máy bay siêu vượt âm 7.400 km/h sẽ bay thử năm 2025
5, Sinh viên Việt làm robot biểu cảm như người thật
5, Phát hiện vi khuẩn phân hủy dầu thô
5, Trái Đất hình thành do các khối đá khổng lồ va chạm
5, Nền tảng đổi mới sáng tạo mở ứng dụng công nghệ thực tế ảo tại Techfest247
5, Bể nước tạo sóng giúp thử nghiệm tàu chiến
5, Chưng cất rượu whiskey trong phòng thí nghiệm
5, Công ty biến chất thải hữu cơ thành phân trộn
5, Nhà khoa học Việt chuyển gene kìm hãm già hóa cây đậu tương
5, NASA phát triển tàu thăm dò liên sao hoạt động 100 năm
5, Khai quật lăng mộ hoàng gia 1.300 năm tuổi
5, Thuyền tự lái chịu được vận tốc gió 225 km/h
5, Tiến sĩ phát hiện vi khuẩn có thể làm mất hiệu lực của kháng sinh
5, Điện gió ngoài khơi vượt 10 triệu kW ở Giang Tô
5, Tại sao kính viễn vọng James Webb phải bay 1,5 triệu km?
5, Phóng thành công kính viễn vọng không gian James Webb
5, Hẻm núi lớn nhất hệ Mặt Trời có thể chứa nước
5, Cây thông Giáng sinh mỏng nhất thế giới
5, Tàu xe buýt đầu tiên trên thế giới bắt đầu hoạt động
5, Phát hiện bộ phận mới trong cơ thể người
5, PGS Hồ Anh Sơn: 'Sai phạm của Việt Á không liên quan nghiên cứu kit xét nghiệm'
5, Pin dạng sợi mỏng dài 140 m
5, 5 điều cần biết về siêu kính viễn vọng James Webb
5, Chế tạo điện cực trong suốt cho linh kiện quang điện tử
5, Trăn tử chiến với hổ mang chúa
5, Airbus và ESA hợp tác chế tạo tàu vũ trụ mới
5, Sao chổi tỏa sáng phía trên cực quang nhìn từ không gian
5, Trạm Bắc Cực năng lượng xanh đầu tiên trên thế giới
5, Trung Quốc vận hành trang trại điện gió cao nhất thế giới
5, Nhiệt độ tăng cao bất thường ở Greenland
5, Quái vật kỷ Tam Điệp nặng 40 tấn
5, Công nghệ tia vũ trụ giúp khám phá lăng mộ Tần Thủy Hoàng
5, Chồn sói mẹ tấn công đàn sói
5, Hiện tượng tuyết phát sáng hiếm gặp
5, Phôi khủng long 'sắp nở' trong hóa thạch trứng 72 triệu năm
5, Nhà khoa học Việt thu hồi năng lượng từ nước thải
5, Trang trại điện gió ngoài khơi lớn nhất thế giới sản xuất điện
5, Phát hiện nhẫn vàng chìm cùng tàu đắm 1.700 năm
5, Tàu tiếp tế của SpaceX cập bến ISS
5, Khám phá không gian sẽ thay đổi như thế nào với tàu Starship?
5, Việt Nam tạo giống lúa japonica cám siêu dầu
5, Thiết kế đĩa bay thám hiểm Mặt Trăng
5, Hơn 1.100 sản phẩm chủ lực địa phương được bảo hộ sở hữu trí tuệ
5, Học sinh Lào Cai thắng giải Sáng tạo thanh thiếu niên nhi đồng toàn quốc
5, Chồn sói mẹ tấn công nhầm con bố
5, Nước rút tạo 'hoa văn' tuyệt đẹp dưới đáy sông Hoàng Hà
5, Taxi bay 12 cánh quạt lần đầu thử cất cánh
5, Trang trại bạch tuộc đầu tiên trên thế giới gây tranh cãi
5, Hải cẩu báo ăn thịt cá mập ma
5, Máy bay tự phồng có thể tìm kiếm sự sống trên sao Kim
5, SpaceX cán mốc 100 lần thu hồi tên lửa thành công
5, Nhựa in 3D tự vá lành bằng ánh sáng
5, Pin giá rẻ làm từ than bùn
5, Trung Quốc vượt mốc 1,3 triệu trạm gốc 5G
5, Việt Nam ra mắt phiên bản mới công cụ đo lường khí thải
5, Cuốn chiếu cổ đại khổng lồ nặng 50 kg
5, Tàu NASA tiết lộ âm thanh phía trên mặt trăng sao Mộc
5, Đường hầm gió đưa Trung Quốc vượt phương Tây 30 năm
5, Vaccine dịch tả lợn châu Phi của Việt Nam sẵn sàng ra thị trường
5, Tòa nhà rộng 380 m2 xây từ bê tông gai dầu
5, Lập bản đồ tiềm năng khoáng sản quý biên giới Việt Nam - Lào
5, Cá robot đuổi cá xâm hại
5, Tiết kiệm hàng chục tỷ đồng nhờ làm chủ công nghệ sản xuất hạt giống
5, Sự kiện khoa học thế giới nổi bật năm 2021
5, Thí nghiệm chứng minh thuyết tương đối của Einstein
5, Vật liệu pin mặt trời mỏng gấp 15 lần tờ giấy
5, Tỷ phú Nhật Bản trở về Trái Đất an toàn
5, Công nghệ sản xuất nấm ăn liền
5, Ô nhiễm thủy ngân ở vùng sâu nhất đại dương
5, Lăng mộ 2.000 năm chứa hàng trăm cổ vật bằng vàng bạc
5, Việt Nam chế tạo cảm biến phát hiện bất thường ở thai nhi
5, Phát hiện lượng lớn nước dưới bề mặt sao Hỏa
5, Biến CO2 thành nhiên liệu lỏng
5, Bê con có hai đầu
5, Giải VinFuture sắp vinh danh 4 công trình khoa học thế giới
5, Sinh vật trông như thủy quái chết dạt vào bờ biển
5, Đồng xốp tiêu diệt vi khuẩn nhanh gấp 120 lần
5, Lớp phủ mái nhà thông minh giúp điều hòa nhiệt độ
5, Robot NASA phát hiện 'khối xây dựng sự sống' trên sao Hỏa
5, Trung Quốc xây siêu cầu treo cao 208 m trên núi
5, Vinh danh 10 tài năng khoa học trẻ giải Quả cầu vàng 2021
6, Tương lai của nữ tỷ phú 'trắng tay' bị kết tội lừa đảo
6, Ba trọng tâm khôi phục kinh tế của Chính phủ năm 2022
6, Lạng Sơn đề nghị dừng đưa hàng lên cửa khẩu
6, Bưởi da xanh giảm giá một nửa
6, 'Ông lớn' cao su hạ kế hoạch lợi nhuận gần 1.000 tỷ đồng
6, Công ty của Warren Buffett lãi 120 tỷ USD từ cổ phiếu Apple
6, Baemin có tổng giám đốc mới
6, OPEC+ tiếp tục tăng bơm dầu, bất chấp Omicron
6, Giá vàng thế giới tăng vọt vì Omicron
6, Ford vượt Tesla thành cổ phiếu ôtô tăng mạnh nhất năm 2021
6, Đánh giá lại tài sản 3 nhà máy thuỷ điện để tăng vốn cho EVN
6, Căng thẳng nguồn cung ở Âu, Mỹ hạ nhiệt
6, Mua xăng dầu không cần tiền mặt
6, 'Cần sớm có chiến lược tổng thể để phục hồi và tăng trưởng'
6, TPBank báo lãi hơn 6.000 tỷ đồng năm 2021
6, Đại biểu Quốc hội: Gói hỗ trợ tiền tệ còn mờ nhạt
6, Bộ trưởng Tài chính: 'Đấu giá đất Thủ Thiêm 2,4 tỷ đồng một m2 là bất thường'
6, Chứng khoán lập đỉnh mới ngay phiên đầu năm
6, Trước Tết, gửi tiết kiệm ngân hàng nào lãi cao nhất?
6, Cổ phiếu của năm 2021: DIG, HPG và CEO
6, Chính phủ đề xuất sửa loạt quy định về xây dựng nhà ở, khu đô thị
6, Gần 340.000 tỷ đồng hỗ trợ tài khoá, tiền tệ phục hồi kinh tế
6, Bộ trưởng Hồ Đức Phớc: Cần giải pháp để tránh lặp lại nghẽn lệnh chứng khoán
6, Lo lạm phát tăng khi tung gói phục hồi kinh tế
6, Tiền điện tử của Campuchia tiếp cận một nửa dân số
6, Uỷ ban Kinh tế băn khoăn việc cho tư nhân đầu tư lưới truyền tải điện
6, Nữ tỷ phú 'trắng tay' bị kết tội lừa đảo
6, Bộ Giao thông Vận tải được giao vốn kỷ lục
6, Elon Musk có thêm hơn 30 tỷ USD một ngày
6, 5 kịch bản cho thị trường tiền số 2022
6, Chứng khoán năm nay sẽ thế nào?
6, Phát hiện nhiều trường hợp sử dụng nhà ở xã hội trái quy định
6, Gojek tung dịch vụ gọi ôtô ở Hà Nội
6, Australia tăng mở cửa kinh tế dù số ca Omicron kỷ lục
6, Sri Lanka có thể vỡ nợ năm nay
6, Giá vàng thế giới giảm mạnh nhất hơn một tháng
6, Lợi ích của bảo hiểm nhân thọ với trẻ em
6, ‘Kinh tế Việt Nam có thể tăng trưởng 6,5-7% trong năm 2022’
6, Thành phố nghèo ở Trung Quốc phá sản 'giấc mộng Olympic'
6, 440.000 doanh nghiệp Anh 'chết đứng' trước văn hóa thanh toán chậm
6, Một cổ phiếu tăng giá 21 lần trong năm 2021
6, Kênh đầu tư nào sẽ lên ngôi năm nay?
6, Giá vàng trong nước tăng ngược chiều thế giới
6, Cách hoạch định lại sự nghiệp đầu năm 2022
6, Bài học về xoay xở trong Covid của doanh nghiệp F&B
6, Quỹ đầu tư Phần Lan liên tục chốt lời CEO
6, GDP Singapore tăng cao nhất một thập kỷ
6, Thế Giới Di Động đồng thời khai trương 5 chuỗi cửa hàng mới
6, Nhiều tỷ phú đầu tư nghĩ lại về tiền điện tử
6, Các CEO dự báo thị trường bất động sản 2022
6, Nhiều doanh nghiệp chỉ đấu giá đất Thủ Thiêm gấp hai lần khởi điểm
6, Cuộc bứt tốc của thương mại điện tử Việt Nam
6, Chuyến phiêu lưu vào vũ trụ ảo của chàng trai 11 lần khởi nghiệp thất bại
6, Vốn hóa các đại gia công nghệ Mỹ tăng 2.450 tỷ USD
6, Năm 2022 trong mắt các CEO thế giới
6, Bưởi thỏi vàng, dừa, xoài 'Tài, Lộc' đắt khách
6, Giá vàng thế giới giảm mạnh nhất 6 năm, vàng trong nước vẫn đi lên
6, 6 xu hướng kinh tế đáng theo dõi năm 2022
6, Chứng khoán Việt Nam vào nhóm tăng mạnh nhất thế giới
6, Người Nhật lùng mua thiết bị nhà hàng, quán nhậu cho gia đình
6, Đầu tư gần 2.700 tỷ đồng làm khu công nghiệp ở Bắc Giang
6, Thép chống ăn mòn của Việt Nam không bị điều tra lẩn tránh thuế
6, Eximbank sửa kế hoạch lãi trong ngày cuối năm
6, Hiệp định thương mại lớn nhất thế giới có hiệu lực từ hôm nay
6, Vietjet đón chuyến bay quốc tế đầu năm mới từ Nhật Bản
6, Chuỗi Con Cưng nhắm đến khách hàng gen Z
6, Bà Lê Hoàng Diệp Thảo ra mắt tự truyện tại Dubai
6, Bộ Công Thương đề nghị Trung Quốc khôi phục thông quan ở cửa khẩu
6, Bưởi Việt Nam sắp xuất chính ngạch sang Mỹ
6, Người Mỹ thiếu champagne cao cấp cho Giao thừa
6, 10 người giàu nhất thế giới kiếm thêm bao nhiêu năm nay?
6, Đấu giá đất Thủ Thiêm - thiểu số hưởng lợi chứ không phải đa số
6, Chứng khoán chốt một năm tăng gần 36%
6, Thế khó của Truyền hình K+
6, Năm chạy đua của điện gió
6, Giá vàng thế giới lên cao nhất một tháng
6, Giá gas tiếp đà điều chỉnh đầu năm
6, Ông Trần Kinh Doanh thôi điều hành Bách Hóa Xanh
6, PVN lãi 'khủng' 45.000 tỷ đồng năm 2021
6, Ngân hàng Anh chuyển nhầm 175 triệu USD
6, Thủ tướng: Đưa môi trường kinh doanh Việt Nam lên top đầu khu vực
6, Năm 2022, Trung Quốc phải thuyết phục người dân tiêu tiền
6, HoREA: Nhiều kẽ hở trong đấu giá đất Thủ Thiêm
6, Sốt đất gây nhiễu thị trường bất động sản năm 2021
6, Chủ tịch Coteccons không mua được đủ số cổ phiếu đã đăng ký
6, Phòng Thương mại & Công nghiệp Việt Nam đổi tên
6, Nhiều doanh nghiệp dầu khí báo lãi đậm cuối năm
6, Có nên dồn hết tiền tiết kiệm đầu tư chứng khoán
6, Đâu là cổ phiếu của năm 2021?
6, Người được - kẻ mất vì thương mại toàn cầu năm qua
6, MobiFone ra mắt gói cước data cho nhóm thuê bao
6, TVS đầu tư startup kỳ lân triển vọng
6, MobiFone tham gia xây dựng nền tảng chuyển đổi số quốc gia
6, Nhận nhiều ưu đãi khi mở ví MobiFone Pay
6, Amazon Global Selling đặt Việt Nam là thị trường quan trọng năm 2022
6, Tập đoàn Đất Xanh hợp tác FPT chuyển đổi số toàn diện
6, Nhà vườn trồng thanh long lo không có người mua
6, Vựa mai Tết nguy cơ lỗ tiền tỷ vì ế khách
6, Chứng khoán lại ‘xanh vỏ, đỏ lòng’
6, Năm giàu nhanh của môi giới chứng khoán
6, Trung Quốc dự báo thương mại 2022 khó khăn 'chưa từng có'
6, Chương trình phục hồi kinh tế, xã hội sẽ ưu tiên y tế
6, Đồng tiền số tăng 1.300% năm nay
6, Thaiholdings lập công ty hàng không vũ trụ
6, Toàn cầu sẽ càng thiếu chip vì thành phố Trung Quốc bị phong tỏa
6, Bất động sản nghỉ dưỡng khó hồi phục nhanh năm 2022
6, 'Big 4' ngân hàng khuấy động làn sóng miễn phí giao dịch
6, 'Kẻ thắng - người bại' trong cuộc đua phục hồi kinh tế
6, Thị trường tiền điện tử năm 2021 qua những con số
6, Wincommerce mở cửa hàng nhượng quyền đầu tiên
6, Các tỷ phú công nghệ Trung Quốc mất 80 tỷ USD năm nay
6, Một tỷ đồng gửi tiết kiệm có nên rút một nửa buôn hoa Tết?
6, Giá vàng thế giới đứng yên, chứng khoán Mỹ lập kỷ lục
6, McDonald’s thuê 3 chuyên cơ chở khoai tây đến Nhật Bản
6, Doanh nghiệp vượt khó nhờ thay đổi mô hình kinh doanh
6, EVNSPC kéo dây vượt biển đường điện 220kV Kiên Bình - Phú Quốc
6, Xuất nhập khẩu đạt kỷ lục
6, Trung Quốc ngưng nhập thanh long Việt Nam qua cửa khẩu Hữu Nghị
6, Doanh nghiệp TP HCM và Đà Nẵng thưởng Tết tiền tỷ
6, Thủ tướng: Xuất khẩu nông sản không thể mãi 'đường mòn lối mở'
6, Người giàu nhất châu Á tăng tốc 'truyền ngôi'
6, Startup Việt hút hơn 1,3 tỷ USD bất chấp Covid-19
6, Bốn nghịch lý thách thức thị trường nhà ở năm nay
6, Ủy ban chứng khoán: Không nên nghe các nhóm xúi giục mua bán
6, Elon Musk đã bán hơn 16 tỷ USD cổ phiếu Tesla
6, GDP năm 2021 tăng 2,58%
6, Cách nào để nông sản không 'đến hẹn lại ùn ứ' ở cửa khẩu?
6, Gỡ khó cho vận chuyển hàng bằng đường sắt qua biên giới
6, Không được dùng kết quả trò chơi điện tử có thưởng để cá cược
6, VN-Index chưa thể trở lại 1.500 điểm
6, Giáo sư Trung Quốc thành tỷ phú nhờ lập hãng công nghệ
6, Hãng taxi Singapore rút khỏi Việt Nam
6, Bitcoin sắp có tháng tệ nhất nửa năm qua
6, Giới trẻ gia nhập đường đua chứng khoán
6, Omicron đe dọa tăng trưởng Mỹ đầu năm sau
6, Có 3 tỷ đồng nên mua đất hay gửi tiết kiệm?
6, Giá vàng thế giới giảm vì đồng đôla mạnh
6, Chuỗi Con Cưng tham vọng chinh phục thị trường 7 tỷ USD
6, Doanh nghiệp bán lẻ đón 'sóng' mua sắm cuối năm
6, Mở bán vé xem lại eBox chủ đề tạo thu nhập thụ động
6, Thúc đẩy chuyển đổi số để nâng cao thứ hạng kinh tế
6, Thêm BIDV ngừng thu phí chuyển tiền online
6, Cuộc sống xa xỉ của nữ tỷ phú bị kết tội lừa đảo
6, Chứng khoán tăng bất chấp xuất hiện ca nhiễm Omicron
6, Một năm giá nhà tăng ngược chiều nền kinh tế
6, 'Tết này, ATM sẽ không quá tải'
6, Được - mất khi giới trẻ chạy theo làn sóng tiền mã hoá
6, Quảng Ninh tính lập 'vùng đệm an toàn' giải toả container ùn ứ
6, Ngân hàng Nhà nước: Kiều hối về Việt Nam hơn 12 tỷ USD
6, Omicron sẽ tiếp tục đe dọa chuỗi cung ứng năm 2022
6, Aeon sẽ mở thêm nhiều địa điểm kinh doanh tại Việt Nam
6, Sungroup xây khu nghỉ dưỡng khoáng nóng gần 7.000 tỷ
6, Thaigroup muốn đầu tư 30.000 tỷ làm Cảng hàng không vũ trụ tại Phú Quốc
6, Giá vàng lên đỉnh một tuần, Wall Street lập kỷ lục mới
6, Bán chung cư hay vay ngân hàng để đầu tư đất nền?
6, Tư nhân có thể tham gia đầu tư lưới truyền tải điện tới đâu?
6, Chuyên gia bày mẹo quản lý tài chính khi kinh doanh online
6, Giá mít Thái, dưa hấu xuống dưới 5.000 đồng một kg
6, Chứng khoán tiến gần đỉnh lịch sử
6, Vietcombank bỏ thu phí chuyển tiền online
6, Evergrande hứa giao 39.000 căn hộ trong vài ngày
6, Ngân hàng rầm rộ rao bán nhà đất, ôtô để siết nợ cuối năm
6, Đề xuất chở hàng sang Trung Quốc bằng đường sắt
6, Năm vượt dịch nhiều cảm xúc của dệt may
6, Núi tiền cũ 'ra rìa' vì đồng euro
6, Việt Nam được vay ưu đãi hơn 221 triệu USD phục hồi kinh tế
6, CEO Pfizer được chọn là CEO của năm
6, Dồn dập tin nhắn giả mạo ngân hàng để lừa tiền
6, Giá vàng có thể tăng mạnh năm tới
6, Vợ chồng thu nhập 50 triệu có nên vay tiền mua đất cuối năm?
6, Thêm 10 ngày diễn ra sự kiện 'Ngày hội mua nhà cuối năm'
6, BIM Land khởi công dự án Sailing Club Signature Resort Ha Long Bay
6, Vinamilk và Vilico đầu tư xây nhà máy sữa 4.600 tỷ tại Hưng Yên
6, Yếu tố giúp Singapore giữ vị thế kinh doanh trong khu vực
6, Phó thủ tướng: Giải phóng sớm nhất xe ùn ứ ở các cửa khẩu
6, 'Cha đẻ' TikTok có thể thành người giàu nhất Trung Quốc
6, Bộ Xây dựng: Cần chặn hiện tượng tung tin đồn thổi giá đất
6, Viettel có chủ tịch mới
6, Người Việt thay đổi lớn thói quen chi tiêu trong năm 2021
6, Nền kinh tế Trung Quốc sẽ đứng đầu thế giới năm 2030
6, Giảm 30% phí sử dụng đường bộ đến giữa năm sau
6, Hàng không thế giới tiếp tục gián đoạn vì Omicron
6, Đồng hồ vẽ cảnh Hội An giá gần 900 triệu đồng
6, 5 bất ngờ của tài chính thế giới 2021
6, Savills: Việt Nam đang chuyển đổi sang các ngành công nghiệp có giá trị cao
6, 'Việt Nam có tiềm năng đạt phát thải ròng bằng 0 vào năm 2050'
6, Jackpot hơn 214 tỷ đồng có chủ
6, Giảm phí lưu kho bãi cho container ùn ứ ở cửa khẩu
6, Giá xăng, dầu đồng loạt tăng trở lại
6, Một năm leo thang của giá hàng hoá
6, 4 dự báo cho thị trường tiền số năm 2022
6, VTV muốn thoái bớt vốn tại K+
6, Bill Gates, Elon Musk học được gì từ Steve Jobs?
6, Nở rộ cà phê nhượng quyền bình dân
6, Vingroup huy động khoản vay hợp vốn xanh 400 triệu USD
6, Vốn dưới 3 tỷ có thể mua căn hộ nào bàn giao năm sau?
6, Vietjet đón tàu bay thân rộng A330 đầu tiên
6, Doanh nghiệp Việt thưởng hơn một tỷ đồng cho Quốc Cơ, Quốc Nghiệp
6, FPT Online vào top Doanh nghiệp niêm yết có Năng lực Cạnh tranh tốt nhất
6, Triển vọng ngành bảo hiểm nhân thọ trong năm 2022
7, Đặc nhiệm truy đuổi, đạp ngã hai tên cướp
7, Cướp ngân hàng ở Hải Phòng
7, Cựu giám đốc ngân hàng được tuyên vô tội
7, Câu đố: Tìm hành lý của kẻ buôn lậu ở sân bay
7, Bỏ trốn khi đang bị cảnh sát dẫn giải
7, Hai kẻ dìm chết nữ sinh bị phạt tử hình
7, Tổng giám đốc Việt Á khai chi 'hoa hồng' gần 800 tỷ đồng
7, Hai cựu chủ tịch Khánh Hòa bị đề nghị truy tố 5-12 năm tù
7, Điều tra sai phạm tại dự án của Mường Thanh ở Khánh Hòa
7, Mẹ đóng giả con gái để bẫy kẻ ấu dâm
7, Người ép xe khiến cảnh sát hy sinh lĩnh 3 năm tù
7, 3 người tại tịnh thất Bồng Lai bị bắt
7, Cái chết không lời giải của người đẹp đa tình
7, Bí ẩn 'hồn ma' nạn nhân giúp cảnh sát phá án
7, Gần 300 kg pháo lậu ở khu vực biên giới
7, Có nên báo chính quyền khi hàng xóm chăn nuôi gây mất vệ sinh?
7, Làm giả ảnh chuyển tiền qua ngân hàng
7, Bi kịch của những phụ nữ yêu nhầm cảnh sát chìm
7, 21 túi giống ma túy dạt vào bãi biển Côn Đảo
7, Hai thứ trưởng Bộ Công an được thăng quân hàm thượng tướng
7, Ông Tất Thành Cang: 'Rất đau xót khi phải đứng trước tòa'
7, Nhóm cướp iPad của 2 cháu bé bị bắt
7, Nhân viên bệnh viện chiếm đoạt tiền từ thiện
7, Câu đố: Suy đoán thủ phạm sát hại cô gái tóc vàng
7, 'Làm luật' tại các bến tàu
7, Trung tá công an rửa tiền cho trùm buôn lậu vàng
7, Truy sát trước tiệm cắt tóc
7, Ba quân nhân bị bắt vì liên quan cái chết của đồng đội
7, Ngồi tù oan 37 năm vì thám tử mua chuộc nhân chứng
7, Thợ hớt tóc cưỡng bức cô gái
7, Giang hồ Toàn 'Đen' bị đề nghị 16-18 năm tù
7, Giám đốc ngân hàng 'gây thiệt hại 303 tỷ đồng'
7, Ông lão đấu điện vào khoá cổng vì ghen
7, Điều tra vụ tận thu quặng apatit trên dự án xây khách sạn
7, Giám đốc bán găng tay y tế 'chiếm đoạt 1,7 triệu USD'
7, Hacker nhắn tin lừa bình chọn, chiếm tài khoản Facebook
7, Bộ Công an ra mắt tổng đài hỗ trợ về căn cước công dân
7, Chủ cửa hàng điện máy bị tống tiền bằng bọc mìn tự chế
7, Bẫy tình 'ngọt ngào' của bạn trai mới quen
7, Có được thưởng Tết khi nghỉ việc tháng cuối năm?
7, Bị hàng xóm lấn đất, phải làm gì?
7, Cảnh sát đột kích hàng loạt cơ sở làm hàng giả
7, Trữ gần 90 kg pháo bán kiếm lời dịp Tết
7, Hơn 40 kg ma tuý trong các kiện quà biếu về Sài Gòn
7, Nữ thẩm phán tình tứ với tội phạm giết người
7, Chủ nhà vướng lao lý khi đánh chết người trộm chó
7, 'Hiệp sĩ' tông xe vào kẻ trộm
7, Camera an ninh: Hai cháu bé bị uy hiếp cướp iPad
7, Chiếm 400 tài khoản Facebook, lừa hơn 10 tỷ đồng
7, Cảnh sát giải cứu 7 cô gái bị bán sang Campuchia
7, 17 cựu cán bộ ngân hàng hầu toà trong vụ lừa đảo 433 tỷ đồng
7, Nghi phạm đánh chết bé gái bị buộc thêm tội Giết người
7, Khác biệt giữa cố ý gây thương tích làm chết người và giết người
7, Bốn lưu ý về lập di chúc khi đang ốm nặng
7, Lòng đố kỵ với chị gái
7, Luật sư đề nghị toà tuyên ông Tất Thành Cang 'vô tội'
7, Điều tra sai phạm tại tịnh thất Bồng Lai
7, Câu đố: Tinh ý phát hiện tên trộm trên tàu điện ngầm
7, Dịch vụ an ninh mạng sẽ được xem xét vào tháng 5
7, Nỗi oan của người cha trong vụ án chấn động nước Mỹ
7, Cầm thắt lưng đập vỡ kính ôtô
7, Ông Tất Thành Cang bị đề nghị 12-14 năm tù
7, Cuộc đời 'trong vòng tay đặc vụ' của con trai trùm ma tuý Escobar
7, Có được bán nhà đang cho thuê không?
7, Chưa trả hết nợ chung, có được ly hôn?
7, Câu đố: Lật tẩy âm mưu hại bạn sau vụ mất tích
7, 4 cô gái bị đánh ở quán nhậu
7, Người trốn truy nã 'được tuyên dương trên tivi' tiếp tục hầu toà
7, Tổng giám đốc bị bắt vì 'chiếm đoạt 1,1 triệu USD'
7, Cơn ghen của mẹ chồng với nàng dâu
7, Khác biệt giữa thường trú, tạm trú và lưu trú
7, Lừa bán xe máy đắt tiền qua mạng với giá rẻ
7, Câu đố: Tìm thủ phạm hãm hại người mẫu
7, 5 người bị bắt trong vụ cấp thẻ hướng dẫn viên du lịch giả
7, Say, đốt nhà
7, Phá quán karaoke
7, Có được làm hộ chiếu ở nơi không đăng ký hộ khẩu?
7, Bi kịch trong đêm hẹn hò lạnh nhạt
7, Xây nhà không phép: Buộc phá dỡ hay nộp tiền để được giữ lại?
7, Chuyển hồ sơ vụ án bé gái bị đánh tử vong cho Công an TP HCM
7, Bí thư Thành ủy Thái Nguyên bị khởi tố
7, Câu đố: Suy đoán thủ phạm qua dấu vết hiện trường
7, VKS không đồng ý thiệt hại vụ án Sagri là 348 tỷ đồng
7, Giám định tâm thần tài xế tông 19 người
7, Cảnh sát tranh thủ ăn trộm khi khám nhà dân
7, Nhận ra con trong video cướp giật, mẹ báo cảnh sát
7, Mất 260 triệu đồng vì tin thầy bói ‘có vàng trong vườn’
7, 50 cảnh sát đột kích đường dây lô đề
7, Bán dâm trong quán karaoke giá 400.000 đồng một lượt
7, 'Người vợ điên' trở về giải oan cho chồng
7, Hai cán bộ lập khống hồ sơ
7, Trưởng Ban Nội chính Trung ương: Phải theo đến cùng các vụ án
7, Đại tá Nguyễn Sỹ Quang: Xử lý triệt để án điểm 'bé gái bị đánh tử vong'
7, Chủ tịch HĐTV Tổng công ty Công nghiệp Sài Gòn bị khởi tố
7, Tổng giám đốc Việt Á bị điều tra đưa hối lộ lãnh đạo CDC
7, Câu đố: Tìm manh mối lật tẩy vụ dàn dựng trộm tiền
7, Hai vụ trưởng Bộ Y tế bị khởi tố do liên quan vụ Việt Á
7, Ông Nguyễn Đức Chung bị phạt thêm 3 năm tù
7, Chủ mưu vụ 'đổ bêtông thi thể' bị giữ nguyên án tử hình
7, Ba án tử hình cho nhóm vận chuyển 60.000 viên thuốc lắc
7, Cựu chủ tịch huyện bị khởi tố
7, Cha bé gái tử vong ở Sài Gòn bị bắt
7, Mảnh khăn tang giúp truy dấu kẻ hiếp dâm
7, Trình báo tới đâu khi biết trẻ bị bạo hành?
7, Hàng trăm người đổ tiền vào 9 dự án 'ma' ở Sài Gòn
7, Giám đốc vụ 'sập công trình 10 người chết' lĩnh 8 năm tù
7, Câu đố: Lật tẩy màn kịch vụng về của gã chồng
7, Án chung thân cho con rể trút 'mưa dao' vào mẹ vợ
7, Thủ phạm cạo trộm gần 3 tạ vỏ quế bị bắt
7, Giám đốc thẩm mỹ viện 'yêu cầu bỏ khẩu trang' bị phạt 3 năm tù
7, Thêm 9 người liên quan cao tốc Đà Nẵng - Quảng Ngãi nhận án tù
7, Đại gia xăng dầu Trịnh Sướng lĩnh 12 năm tù
7, Ông Nguyễn Đức Chung: 'Tôi rút ra nhiều bài học sâu sắc'
7, 200 cảnh sát phá đường dây cá độ 8.400 tỷ đồng
7, Đầu độc em vợ vì 'bị coi thường'
7, Án mạng do xin đểu
7, Không cho vợ cũ thăm con, có bị phạt?
7, Hàng trăm 'quái xế' náo loạn ở Biên Hòa
7, Gói thầu 'làm 1, ăn tiền 2' của Nhật Cường
7, Vụ án 'ngôi nhà khóa kín' khiến cảnh sát bế tắc suốt 89 năm
7, Cựu giám đốc Sở Y tế Sơn La nhận án tù treo
7, Tống tiền nữ doanh nhân bằng ảnh khoả thân giả
7, Bị vây đánh, đâm chết hai người
7, Dàn cảnh móc túi trước bệnh viện
7, Ông Tất Thành Cang: 'Tôi không quen biết Công ty Nguyễn Kim'
7, Câu đố: Suy luận tìm nơi ẩn náu của tên trộm
7, Lừa tiền tỷ từ chiêu làm giả sổ đỏ
7, Đường dây bán thiếu nữ qua Campuchia
7, Đường dây cá độ bóng đá 50 tỷ đồng bị triệt phá
7, Hoãn xét xử vụ án ông Hiệp 'Khùng' do hồ sơ đóng dấu mật
7, Chiêu 'lùa gà, bắt cả đàn' của chủ sàn tiền ảo
7, Tên cướp ngân hàng ở Bình Dương bị bắt như thế nào
7, Nổ súng truy sát người đi đường
7, Ông Nguyễn Đức Chung bị đề nghị 3-4 năm tù
7, Gia đình bé gái tử vong đề nghị xử lý người cha
7, Vụ bắt cóc con diễn viên gây chấn động Đài Loan
7, Cảnh sát bị đâm khi kiểm tra người sử dụng ma túy
7, Có phải không tổ chức khám sức khoẻ định kỳ cho nhân viên sẽ bị phạt?
7, Giả tin nhắn ngân hàng, lừa mua hàng qua mạng
7, Nên ứng xử thế nào khi vợ muốn con mang họ ngoại?
7, Gây án mạng vì mất giấc ngủ trưa
7, Nhiều chủ sàn tiền ảo bị bắt
7, Công an xác minh nghi vấn lộ đề thi môn Sinh tốt nghiệp THPT
7, Nhiều bộ đội biên phòng, cảnh sát biển 'nhận hối lộ' trong vụ xăng giả
7, Câu đố: Suy đoán thủ phạm bắt cóc cô bé
7, Bộ Công an: Nhiều nghệ sĩ tự chi thêm tiền khi làm từ thiện
7, Hạ nhục người tình bằng video nhạy cảm
7, Ông Tất Thành Cang kêu oan
7, 'Lò' sản xuất tiền giả ở TP HCM
7, Vì sao gói thầu của Nhật Cường dang dở?
7, Cướp ngân hàng ở Bình Dương
7, Việt Á bị cáo buộc 'thổi giá' kit xét nghiệm như thế nào?
7, Tề Trí Dũng: Bút phê của ông Tất Thành Cang 'có tính quyết định'
7, Băng cho vay nặng lãi bị bắt
7, Cựu thủ trưởng cơ quan điều tra Đồ Sơn bị bắt
7, Nghi can đánh bé gái tử vong bị bắt
7, Ông Nguyễn Đức Chung tố thuộc cấp 'bịa đặt'
7, 'Trùm' đường dây cho vay 1.000 tỷ đồng bị khởi tố
7, Đêm định mệnh của nữ phóng viên thời trang nổi tiếng
7, Khi nào quay đầu xe sẽ bị phạt?
7, 5 điều cần biết để đốt pháo hoa đón Tết ở nhà không bị phạt
7, Cựu công an tống tiền lĩnh án tù
7, Tề Trí Dũng thừa nhận sai khi bán rẻ 9 triệu cổ phần
7, Băng trộm 1.200 con chó ở Sài Gòn
7, Câu đố: Lật tẩy vụ bắt cóc con gái tỷ phú
7, Trộm chó trong 10 giây
7, Sát hại người tình sau ân ái
7, Ông Nguyễn Đức Chung phủ nhận giúp Nhật Cường trúng thầu
7, Kiện vợ vì không sinh con
7, Nghi can truy sát Quân 'Xa lộ' bị bắt ở Campuchia
7, Hoãn xét kháng cáo của cựu bộ trưởng Vũ Huy Hoàng
7, Ông Nguyễn Đức Chung ra toà trong vụ án thứ ba
7, Đề nghị cho ông Tất Thành Cang đối chất Tề Trí Dũng
7, Vụ án oan nổi tiếng sau cái chết của người phụ nữ đa tình
7, Nhiều sai phạm về quản lý đất ở Đồng Nai
7, Đâm chết bạn nhậu vì đòi về sớm
7, Câu đố: Tìm hai kẻ lừa đảo trên du thuyền
7, Cựu bộ trưởng Vũ Huy Hoàng xin hoãn toà phúc thẩm
7, Ông Đỗ Ngọc Thịnh tái đắc cử Chủ tịch Liên đoàn Luật sư
7, Chiếm Facebook, lừa hơn 200 triệu đồng
7, Thanh niên bị bắt vì cho vay lãi suất 300% mỗi năm
7, 48 giờ truy tìm nghịch tử gây thảm án
7, Lỗi sơ đẳng trong sơ cứu 'vạch mặt' bác sĩ danh tiếng
7, Ký hợp đồng qua thư điện tử có được không?
7, Có thể đòi tài sản được hứa tặng?
7, Câu đố: Phát hiện điểm đáng ngờ trong vụ tai nạn
7, Camera an ninh: Dàn cảnh trộm túi xách
7, Chiêu tạo 'quân xanh' để trúng thầu của Nhật Cường
7, Du khách Nga trồng cần sa trong phòng ngủ
7, Đột nhập tiệm cầm đồ trộm 71 điện thoại
7, Đưa 9 người Trung Quốc nhập cảnh trái phép giá 10 triệu đồng
7, Chiêu lừa của gã Việt kiều dỏm
7, Toan tính của người đàn bà trung niên ngoại tình
7, Thực khách mất xe máy, chủ quán có phải bồi thường?
7, Đường dây lô đề 300 tỷ đồng bị triệt phá
7, Trường hợp nào tham ô tài sản chỉ bị phạt hành chính?
7, Nghi vấn 2 bé gái bị sát hại dưới hồ
7, Chưa kết thúc vụ Nhật Kim Anh giành quyền nuôi con
7, Câu đố: Xác định thủ phạm gây tai nạn giao thông
7, Cho vay lãi suất cao mức nào sẽ bị đi tù?
9, Tuchel hứa bảo vệ Lukaku
9, Quế Ngọc Hải gia nhập SLNA
9, Hoãn trận Arsenal - Liverpool
9, Vì sao Djokovic bị trục xuất khỏi Australia?
9, Djokovic kháng cáo quyết định trục xuất của Australia
9, Tổng thống Serbia: 'Cả nước sẽ chiến đấu cho Djokovic'
9, Djokovic bị trục xuất khỏi Australia
9, Real thắng nhọc đội hạng Ba
9, Barca thắng ngược trong sáu phút
9, Hậu vệ Man City chuyển sang nhà tù nhiều CĐV Man Utd
9, Chelsea thắng dễ Tottenham
9, Rooney nghi ngờ chiến thuật của Rangnick
9, Nguyễn Huy Hoàng thắng giải VĐV tiêu biểu 2021
9, Neymar bị chê thiếu tôn trọng PSG
9, Ferdinand: 'Man Utd lãng phí Ronaldo'
9, Lời nguyền cho các tiền đạo ở Chelsea
9, 5 ứng viên đội trưởng tuyển Việt Nam
9, Chiêu hút khách của sân golf Mỹ
9, Liverpool xin hoãn trận đấu Arsenal
9, HLV Thái Lan nói gì với Quế Ngọc Hải?
9, Mayweather tái xuất tháng Hai
9, Anh trai Murray: 'Tôi sẽ không được miễn trừ như Djokovic'
9, Malaysia nhắm HLV Kiatisuk
9, Quan chức Australia: ‘Xét duyệt cho Djokovic đúng quy trình’
9, HAGL thắng ngược Bình Dương
9, Insigne rời Serie A để nhận 90 triệu USD
9, HLV Trần Văn Phúc qua đời
9, Eriksen muốn dự World Cup 2022
9, Saudi International thêm đấu thủ hạng sao
9, Lukaku mong CĐV Chelsea tha thứ
9, CLB Nhật Bản muốn chiêu mộ trung vệ Indonesia
9, FIFA công bố đề cử rút gọn giải Bàn đẹp nhất 2021
9, Vì sao Djokovic được miễn trừ y tế?
9, HLV Park tước băng thủ quân của Quế Ngọc Hải
9, Lukaku xin lỗi HLV Tuchel
9, Làn sóng chỉ trích Djokovic dự Australia Mở rộng
9, Cup Hoàng Đế Quang Trung trở lại
9, Djokovic được dự Australia Mở rộng 2022
9, Khi Rangnick phải tiếp tục xoay vần ở Man Utd
9, Các ngôi sao thể thao được chờ đợi năm 2022
9, Cựu tiền đạo V-League bị giết
9, Rangnick không chắc Man Utd vào top 4 mùa này
9, Malaysia cân nhắc để HLV U23 nắm ĐTQG
9, Thái Lan sắp gia hạn với HLV Polking
9, Laporta: 'Barca đang trở lại'
9, Nelly Korda gặt thêm chiến tích golf đỉnh cao
9, Rangnick bị chê bịa chiến thuật cho Man Utd
9, Wolves đã 'nhử' Man Utd thế nào?
9, Shaw chê thái độ thi đấu của Man Utd
9, Siêu phẩm của Tiến Linh lọt đề cử bàn đẹp nhất AFF Cup 2020
9, Mbappe lập hat-trick ở Cup quốc gia Pháp
9, Thủ môn Thái Lan nén nỗi đau mất bố
9, Hoàng Đức vào Đội hình tiêu biểu AFF Cup 2020
9, Australia Mở rộng có tay vợt không tiêm vaccine thi đấu
9, Berrettini: 'Medvedev ngang cơ Djokovic'
9, Ince: 'Ronaldo không xứng đáng làm đội trưởng'
9, Rangnick: 'Wolves là đối thủ mạnh nhất của Man Utd'
9, Man Utd thua trận đầu dưới thời Rangnick
9, Võ sĩ Trần Văn Thảo khao khát HC vàng SEA Games
9, HLV Malaysia từ chức
9, Năm 2022 và kỳ vọng đổi mới của tuyển Việt Nam
9, Xavi: 'Thắng khi thiếu 17 cầu thủ là phi thường'
9, Mendy: 'Mane đáng bị đuổi'
9, Ancelotti: 'Real đá như đang đi nghỉ'
9, Ronaldo vung tiền để giữ thể lực
9, Tuchel không chắc Lukaku còn suất đá chính
9, Chelsea được khuyên sớm thanh lý Lukaku
9, Nhận diện các đời ‘trùm phát xa PGA Tour’
9, DJ Argentina bị vu tội lây Covid-19 cho Messi
9, Sadio Mane có nên bị đuổi?
9, Barca áp sát top 4
9, Chelsea cầm chân Liverpool
9, Real đứt mạch 15 trận bất bại
9, Văn Thảo hạ knock-out võ sĩ Thái Lan
9, Messi mắc Covid-19
9, Lukaku và 'căn bệnh' nói xấu đội nhà
9, Ba thay đổi lớn trong luật golf 2022
9, Cựu HLV Thái Lan mơ đến World Cup
9, Nadal và Djokovic nhiều khả năng dự Australia Mở rộng
9, Xavi: 'Thật điên rồ khi không hoãn trận của Barca'
9, Tuchel: 'Chelsea sẽ ngăn Man City thống trị Ngoại hạng Anh'
9, HLV Klopp nhiễm Covid-19
9, Arsenal chê trọng tài không nhất quán
9, Ferdinand khó hiểu về cách sử dụng VAR
9, Rodri: 'Phạt đền cho Man City là rõ ràng'
9, Tottenham hạ Watford ở phút bù thứ sáu
9, HLV Thái Lan khuyên Việt Nam nâng cấp V-League
9, Chanathip lần thứ ba thắng giải 'Cầu thủ hay nhất AFF Cup'
9, HLV Indonesia cảm thấy bất công ở AFF Cup 2020
9, Indonesia nhận giải Fair Play dù phạm lỗi nhiều nhất
9, HLV Polking: 'Thái Lan không dừng lại sau AFF Cup'
9, Thái Lan lần thứ sáu vô địch AFF Cup
9, Man City thắng ngược Arsenal
9, 8 sự kiện thể thao lớn năm 2022
9, 10 ngôi sao trở thành cầu thủ tự do hè 2022
9, Tiger Woods chìm sâu nhất làng golf thế giới 2021
9, Barca trở lại với 'dòng máu' Tây Ban Nha
9, Nữ trưởng đoàn thuê chuyên cơ chở đội tuyển Thái Lan
9, HLV Polking được khen khai phá tiềm năng Thái Lan
9, Cựu tuyển thủ Brazil khoe hình thể vạm vỡ tuổi 47
9, CĐV Man Utd bất bình khi Sancho bị tước bàn thắng
9, 2021 - năm kỷ niệm cam go cho Tiger Woods
9, Ronaldo và năm 2021 thăng trầm
9, Đội tuyển Việt Nam trở về trong lặng lẽ
9, HLV Indonesia: 'Chúng tôi còn nguyên động lực đấu Thái Lan'
9, HLV Polking tránh nhắc đến vị thế của Thái Lan
9, Trộm hành hung trụ cột Man City
9, Quế Ngọc Hải chia tay CLB Viettel
9, Trung Quốc cấm cầu thủ xăm mình lên đội tuyển
9, Nhiều tay vợt rút khỏi Australia Mở rộng 2022
9, Vì sao Chanathip bùng nổ ở giai đoạn knock-out AFF Cup
9, Chelsea lỗ nặng
9, Hậu vệ Indonesia nuôi mộng ngược dòng trước Thái Lan
9, Chuyên gia Indonesia: 'Thua Thái Lan vì cầu thủ thiếu dinh dưỡng'
9, Ronaldo gây kinh ngạc với pha ghi bàn cận thành
9, Rangnick quyết trị thói quen xấu của Man Utd
9, Lukaku muốn trở lại Inter
9, Ronaldo giúp Man Utd thắng dễ Burnley
9, HLV Sirisak: 'Lâu rồi mới thấy Thái Lan hoàn hảo'
9, Đồng đội tin Djokovic tìm cách dự Australia Mở rộng
9, Barca muốn mượn Morata
9, Vachier-Lagrave vô địch cờ chớp thế giới
9, Ra mắt ứng dụng VnExpress Marathon
9, Đàm phán giữa Barca và Dembele đổ vỡ
9, Ông Lê Khánh Hải xin rút vị trí Chủ tịch VFF
9, Mbappe muốn Italy hạ Bồ Đào Nha ở play-off World Cup
9, Djokovic bị Australia từ chối miễn trừ y tế
9, Những pha chốt hố khó tin trong năm 2021
9, Mickelson làm lộ thông tin mật của PGA Tour
9, Terry trở lại Chelsea
9, Chuyên gia Indonesia: 'Không nên mơ ngược dòng trước Thái Lan'
9, Barca còn 9 cầu thủ
9, CĐV tấn công trang chủ LĐBĐ Indonesia
9, Thái Lan lập kỷ lục ở chung kết AFF Cup
9, Collina: 'VAR ra đời không phải loại bỏ tranh cãi'
9, Tuchel đổ lỗi cho trọng tài
9, Chelsea ôm hận vì cựu thần đồng Man Utd
9, Tượng Ronaldo gây tranh cãi ở Ấn Độ
9, Vì sao Thái Lan thay thủ môn giữa trận?
9, Vua cờ Carlsen bị bỏ xa ở giải cờ chớp thế giới
9, Man City thắng trận thứ 10 liên tiếp
9, HLV Thái Lan: 'Chúng tôi phải đặt tay còn lại lên chiếc Cup'
9, HLV Indonesia: 'Không ngờ thua Thái Lan đậm thế'
9, Chanathip giúp Thái Lan đè bẹp Indonesia
9, Sóng ngầm ở Man Utd
9, Vua cờ Carlsen ám chỉ FIDE 'ngu ngốc'
9, Việt Nam cùng bảng Thái Lan ở giải U23 Đông Nam Á
9, Kỳ thủ 17 tuổi phá sự thống trị của Vua cờ Carlsen
9, Klopp thừa nhận Liverpool khó đua với Man City
9, Em của Maradona qua đời
9, Mbappe, Lewandowski phản đối World Cup chu kỳ hai năm
9, Liverpool thua khi Salah hỏng phạt đền
9, Maguire: 'Man Utd kiệt quệ vì Covid-19'
9, Barca chi 74 triệu USD mua tiền đạo Man City
9, HLV Shin Tae-yong được kỳ vọng đổi vận cho Indonesia
9, Tương quan trước trận Indonesia - Thái Lan
9, Tiền vệ Indonesia: 'Chúng tôi không sợ Thái Lan'
9, Hà Đức Chinh chấn thương dây chằng chéo
9, HLV Singapore từ chức
9, Ronaldo khó chịu với Rashford
9, Việt Nam ở đâu sau AFF Cup 2020?
9, Neville: 'Man Utd sẽ còn khiến nhiều HLV bị sa thải'
9, HLV Thái Lan: 'Indonesia khó chơi như Việt Nam'
9, HLV Indonesia: 'Tôi khát khao vô địch AFF Cup 2020'
9, Chuyên gia Đoàn Minh Xương: 'Đến lúc đội tuyển Việt Nam cách tân'
9, Học viện Nutifood vô địch U21 Quốc gia
9, Klopp bất bình về luật thay ba người
9, Cầu thủ Indonesia được tặng nhà nếu hạ Thái Lan
9, HLV Indonesia than học trò thiếu đồ ăn
9, Rublev: 'Djokovic sẽ bỏ Australia Mở rộng'
9, PGA Tour sắp tung NFT
9, Carragher: 'Tottenham chưa từng có HLV tầm cỡ như Conte'
9, Ronaldo trượt giải ở Dubai
9, PSG phải bán tháo cầu thủ
9, CĐV nổi giận vì Ronaldo 'bỏ bóng đá người'
9, ESPN: 'Quang Hải và Hoàng Đức như cá lớn trong ao tù'
9, Ronaldo chi 70 triệu USD cứu CLB cũ
9, Carlsen hạ Firouzja ở giải cờ nhanh thế giới
9, Man Utd thoát thua đội áp chót Ngoại hạng Anh
9, Thái Lan được thưởng to nhờ hạ Việt Nam
9, Bác sĩ Choi Ju-young chia tay Việt Nam
9, Kiatisuk hy vọng bóng đá Thái Lan và Việt Nam kết nối
9, Máy tập của Tiger Woods có gì đặc biệt?
9, Guardiola biết trước Leicester có thể ghi ba bàn
9, Rashford: 'Chúng tôi chơi theo phong cách chưa từng có ở Man Utd'
9, Đội bóng của Ông già Noel
9, Arsenal lỡ đà tiến vì Covid-19
9, Cựu HLV Thái Lan: 'Các hậu vệ không dám cầm bóng trước Việt Nam'
9, Trưởng đoàn Thái Lan tự hào khi hạ bệ Việt Nam
9, Chelsea thắng nhờ cú đúp penalty
9, Việt Nam thua bán kết AFF Cup nhiều nhất
9, Tottenham vượt mặt Man Utd tại Ngoại hạng Anh
9, Arsenal phả hơi nóng vào Chelsea
9, Quế Ngọc Hải: ‘Chúng tôi xin lỗi’
9, Man City thắng dễ Leicester
9, HLV Thái Lan tự hào vì đẳng cấp phòng ngự trước Việt Nam
9, HLV Park kiệm lời sau khi dừng bước ở AFF Cup
9, Djokovic rút khỏi ATP Cup
9, Việt Nam dừng bước ở AFF Cup 2020
9, Guardiola: 'Hãy tiêm mũi ba và đeo khẩu trang'
10, Công trường khai thác đất sét trái phép ở Quảng Ninh
10, Hà Nội tiêm vaccine tại nhà cho người cao tuổi
10, 'Vận động đừng về ăn Tết là vô cảm với người xa quê'
10, Khởi công cầu Hy vọng 200
10, Đại biểu Quốc hội: Bao nhiêu tỉnh, thành được trao cơ chế đặc thù?
10, Lãnh đạo TP HCM: 'Các huyện đang quy hoạch, nông dân đừng bán rẻ đất'
10, Hai quận trung tâm Hà Nội giảm cấp độ dịch
10, Phó bí thư Lâm Đồng đề xuất 'tiến tới xã hội hóa tiêm vaccine'
10, Hàng nghìn công nhân ngừng việc vì thưởng Tết giảm
10, Hội An xin hỗ trợ gạo cho gần 5.000 hộ dân
10, Ca tử vong do Covid-19 ở TP HCM thấp nhất 6 tháng qua
10, Hà Nội chuẩn bị di dân khỏi 6 chung cư cũ
10, TP HCM tính xây mới 14 chung cư cũ trong năm nay
10, Mức đầu tư dự kiến của 12 đoạn cao tốc Bắc Nam
10, Quận thứ 9 ở Hà Nội chuyển 'vùng cam'
10, Đề nghị tăng kinh phí hỗ trợ thuê nhà trọ cho người lao động
10, Trung tâm nuôi hổ lớn nhất cả nước
10, Giải phóng mặt bằng Metro Số 2 chưa rõ ngày hoàn thành
10, Sàm sỡ người khác bị phạt đến 8 triệu đồng
10, Nhiều địa phương xin làm đường cao tốc
10, FPT ủng hộ một tỷ đồng cho Tết Hy vọng
10, Tai nạn liên hoàn trên cầu Rạch Miễu
10, Khảo sát việc tiêm vaccine cho trẻ từ 5 tuổi
10, Thứ trưởng Nguyễn Trường Sơn bị khiển trách
10, Chủ nhiệm Ủy ban Tài chính: '200 tỷ đồng mỗi km cao tốc là hơi cao'
10, Doanh nghiệp đông công nhân nhất nước giảm thưởng Tết
10, Xã ở Thanh Hóa cách ly 14 ngày tại nhà với người về quê
10, Vụ phó bị đình chỉ công tác vì xô xát với phụ nữ
10, Thành ủy TP HCM có tân Trưởng ban Tổ chức
10, Suất đầu tư 12 dự án cao tốc Bắc Nam tăng do địa hình phức tạp
10, Hơn 2,2 triệu lao động bỏ thành phố về quê
10, Chủ tịch huyện Bình Chánh đột tử
10, Cục Hàng không VN: 'Không bỏ qua giả thiết có chất nổ trên máy bay'
10, Quy định với người nhập cảnh qua sân bay Nội Bài
10, Nửa triệu lao động ở lại Bình Dương ăn Tết
10, Làng trồng phật thủ vào vụ Tết
10, Thừa Thiên Huế dừng hoạt động chốt kiểm soát, khai báo y tế
10, Hành khách chỉ biết máy bay bị dọa bắn khi đến Nội Bài
10, Thủ tướng: Phấn đấu chiến thắng dịch bệnh năm 2022
10, Máy bay bị dọa bắn trên đường từ Nhật Bản về Việt Nam
10, TP Thanh Hóa vận động người xa quê không trở về dịp Tết
10, Hoàn tất thủ tục đầu tư 12 dự án cao tốc trong năm 2022
10, Phát hiện bom 250 kg
10, Dòng suối đầy rác giữa Biên Hoà
10, 'Những sai phạm vừa qua không làm mờ đóng góp của cán bộ y tế'
10, Gần 3 triệu người được tăng lương hưu, trợ cấp
10, Hãng hàng không gặp khó khi đưa khách đến Việt Nam
10, Tổng bí thư: Không vì chống Covid-19 mà dừng xử lý tham nhũng
10, Hà Nội, TP HCM kiến nghị đẩy mạnh phân quyền
10, TP HCM thanh tra đột xuất việc mua bán kit xét nghiệm
10, Hà Nội có phố Xuân Quỳnh, Lưu Quang Vũ, Chế Lan Viên
10, 4 trận động đất liên tiếp ở Kon Tum
10, Việt Nam trong top 6 nước bao phủ vaccine cao nhất thế giới
10, Vì sao kinh phí đầu tư Vành đai 3 tăng cao?
10, Lao động tự do gặp nhiều rào cản trong tiếp cận hỗ trợ
10, Hạn chế thiệt hại, biến mưa lũ thành tiền
10, Kiến nghị bỏ test nhanh với hành khách từ nước có chủng Omicron
10, Xã yêu cầu người làm ăn xa về Tết trước 22 ngày
10, TP HCM chi 700 tỷ đồng giúp lao động khó khăn dịp Tết
10, 'Việt Nam chuyển hướng chiến lược chống Covid-19 đúng thời điểm'
10, Ca tử vong do dịch ở TP HCM thấp nhất 47 ngày qua
10, Chính phủ: Nguy cơ Omicron lây lan trên diện rộng rất cao
10, Trước Tết, gửi tiết kiệm ngân hàng nào lãi cao nhất?
10, Cần Thơ đổi phương án xây khu hành chính mới
10, Đề xuất 6 cơ chế đặc thù phát triển thành phố Cần Thơ
10, TP HCM cho karaoke, vũ trường hoạt động từ 10/1
10, Đề xuất xây thêm 729 km cao tốc trong 5 năm
10, Báo cáo Quốc hội việc xử lý sai phạm trong phòng, chống Covid-19
10, Ôtô lao vào nhà dân, 2 người bị thương
10, Cháy nhà trọ, ba người tử vong
10, Thu nhập trăm triệu đồng từ mắm cá mè vinh
10, 'Quốc hội bàn quyết sách phục hồi kinh tế tại kỳ họp bất thường'
10, Sống chung với mưa lụt kéo dài
10, Phạt 5 triệu đồng hành vi bắt trẻ em làm việc gia đình quá sức
10, Cửa ngõ Hà Nội, TP HCM ùn nhẹ trong ngày cuối nghỉ lễ
10, Thả đàn khỉ quậy phá khu dân cư về rừng
10, Giám đốc Bệnh viện Phổi: 'Cách gọi F0, F1 không còn phù hợp'
10, Thưởng vàng để giữ công nhân
10, Nhiều dự án giao thông ở TP HCM về đích năm 2022
10, Người đàn ông xây nhà bằng vỏ chai
10, Nơi mưa nhiều nhất cả nước
10, Nghề tuốt lá đào thuê
10, 38 người chết vì tai nạn giao thông trong kỳ nghỉ Tết Dương lịch
10, TP HCM cần hơn 300.000 lao động năm 2022
10, Giám đốc CDC Bình Phước xin trả lại quà Việt Á tặng
10, Xe chở 31 công nhân đâm vào vách núi
10, Hà Nội bắn pháo hoa một điểm đêm giao thừa
10, Hà Nội huy động 4.000 bác sĩ, tình nguyện viên chăm sóc F0 tại nhà
10, Đồng Nai xây 3 tuyến đường nối sân bay Long Thành
10, Thợ gốm chế tác sáu tượng hổ
10, 4 tuyến đường hoàn thành năm 2021 kết nối miền Đông
10, Câu chuyện phía sau bức ảnh 'Nụ cười thách thức bom đạn'
10, Vợ chồng ông lão ủng hộ 100 triệu đồng chống Covid-19
10, 7 con hổ hoang được nuôi như thế nào
10, Vợ chồng thuần hóa lươn đồng thu nửa tỷ đồng mỗi năm
10, Quảng Ninh thông xe ba dự án giao thông hơn 15.000 tỷ đồng
10, Việt Nam chuẩn bị mua vaccine cho trẻ em 5 đến 11 tuổi
10, TP HCM siết chặt quy trình cách ly người nhập cảnh
10, Hàng chục tấn rác tấp vào bờ biển
10, Chưa dùng ngân sách mua lại trạm BOT ở Quảng Trị
10, TP HCM vinh danh 14 công dân trẻ tiêu biểu
10, Quất Hội An vào vụ Tết
10, Festival Huế 2022 sẽ diễn ra trong bốn mùa
10, Nối dài đường bộ cao tốc, khởi động đường sắt tốc độ cao
10, Tạo hình cho cây cảnh
10, TP HCM còn 6 quận 'vùng vàng', không có 'vùng cam'
10, Những quyết sách, định hướng lớn của thủ đô trong năm 2022
10, Những chính sách có hiệu lực từ tháng 1
10, Kỳ vọng thay đổi tiền lương, bảo hiểm xã hội năm 2022
10, 'Đà Nẵng cần tìm động lực phát triển mới'
10, Cứu 8 người mắc kẹt trong thang máy
10, TP HCM đông đúc, Hà Nội vắng vẻ đón năm mới
10, Việt Nam vượt mốc tiêm 150 triệu liều vaccine
10, Quận đầu tiên của Hà Nội chuyển từ 'cam' sang 'vàng'
10, Người dân đổ ra đường đón năm mới
10, Bến xe vắng vẻ, đường phố chen chúc chiều cuối năm
10, Cục An ninh vận tải Mỹ 'đánh giá cao' an ninh tại Nội Bài, Tân Sơn Nhất
10, Ban hành hàng loạt cơ chế mới về phòng, chống dịch
10, Địa phương dừng hàng loạt hoạt động trước Tết Dương lịch
10, Tổng cục Công nghiệp Quốc phòng có tân Chủ nhiệm
10, Hòa thượng Thích Trí Quảng làm Quyền Pháp chủ
10, TP HCM kiểm điểm tập thể, cá nhân vi phạm chuyển đổi đất công
10, Ông Lê Quốc Minh tái đắc cử Chủ tịch Hội nhà báo Việt Nam
10, Người đi xe máy không đội mũ bảo hiểm bị phạt 600.000 đồng
10, Ôtô giường nằm bốc cháy
10, Gần 1.000 ha lúa bị ngập
10, Hơn 5.600 người chết vì tai nạn giao thông năm 2021
10, Máy bay Boeing 737 Max được khai thác ở Việt Nam
10, Trang thiết bị y tế sắp phải kê khai giá
10, 5 giờ khống chế đám cháy kho vải
10, 3 phương án tìm vốn cho đường trên cao ở TP HCM
10, Thưởng Tết của công nhân dệt may, da giày giảm 30%
10, Tập huấn lái xe an toàn cho Cục Cảnh sát giao thông
10, Hà Nội bỏ cách ly tập trung khách nhập cảnh từ nước có Omicron
10, Xe tải tông 19 người
10, Phó thủ tướng chỉ đạo 'không bỏ lọt tội phạm' vụ bé gái bị bạo hành
10, Cháy kho vải cạnh chợ Ninh Hiệp
10, Người dân ra biển nhặt 'lộc trời'
10, Đưa vụ Việt Á vào diện Ban chỉ đạo Trung ương theo dõi
10, 10 dự án trọng điểm ở TP HCM khởi công năm 2022
10, TP HCM tổ chức countdown mừng năm mới không có khán giả
10, Gần 1.700 tỷ đồng mở rộng 20 km quốc lộ 1A ở miền Tây
10, Xưởng mút 5.000 m2 bị thiêu rụi
10, TP HCM tính chi 17 tỷ đồng mỗi năm giúp trẻ mồ côi do dịch
10, Hà Nội không tổ chức hoạt động chào đón năm mới ngoài trời
10, Được và mất khi công nhân nhận lương sản phẩm
10, Đề nghị thu hồi 8 quyết định tuyển dụng của cựu giám đốc sở
10, 4 lãnh đạo xã bị kỷ luật vì 'gây mất đoàn kết nội bộ'
10, Những điểm nhấn của triển lãm kinh tế quốc phòng ảo
10, Hà Nội giải trình tự gene virus 28 ca nghi ngờ biến chủng Omicron
10, Hà Nội cho sử dụng vỉa hè quận trung tâm để kinh doanh
10, Đề xuất không cách ly tập trung hành khách từ quốc gia có Omicron
10, Cựu Giám đốc Sở Giáo dục và Đào tạo Cần Thơ bị cảnh cáo
10, Tăng tàu địa phương dịp Tết Dương lịch
10, TP HCM thu ngân sách vượt kế hoạch 5,2%
10, Các hãng hàng không mở bán vé chặng bay quốc tế
10, Hơn 28 tỷ đồng trùng tu Khám lớn Cần Thơ
10, Hội An và Huế dừng nhiều lễ hội chào mừng năm mới
10, Phó thủ tướng: 1.000 tỷ đồng cho một km Vành đai 3 là quá cao
10, Thu hoạch bưởi Diễn hữu cơ
10, Địa phương kiểm soát người vào địa bàn 'mỗi nơi một kiểu'
10, Mùa củ huyền vùng Bảy Núi
10, Cao tốc Tân Phú - Bảo Lộc dự kiến khởi công năm 2022
10, Chủ tịch Thanh Hóa chấn chỉnh việc cung cấp thông tin cho báo chí
10, Giải chạy gây quỹ vì trẻ mồ côi sau dịch Covid-19
10, 'Đề xuất không cách ly tập trung người đến từ quốc gia có Omicron'
10, Nhiều tỉnh không hạn chế người về quê đón Tết
10, 2.600 tỷ đồng cải tạo luồng tàu biển vào sông Hậu
10, Hàng không Việt Nam sắp mở lại 5 đường bay quốc tế
10, Chủ tịch nước: Đà Nẵng phải tạo sự khác biệt trong phát triển
10, Phó thủ tướng: 'Sân bay Long Thành phải hoạt động năm 2025'
10, Những sáng kiến triệu đô của người lao động
10, Bốn nội dung Quốc hội xem xét tại kỳ họp bất thường
10, Dự án đường nối An Giang - Cần Thơ khởi công đầu năm 2022
10, Nguyên giám đốc Quỹ đầu tư Phát triển Đồng Tháp bị kỷ luật
10, Hà Nội cách ly tại nhà với người nhập cảnh
10, Miền Trung mưa lớn, nhiều nơi bị ngập
10, Đề xuất mở lại karaoke, vũ trường tại TP HCM
10, 19.000 lượt thuê xe đạp công cộng sau 10 ngày thí điểm
10, Hơn 360.000 thanh niên tham gia cuộc thi văn hóa giao thông
10, Hà Nội cách ly tập trung người đến từ quốc gia có Omicron
10, Bỏ quy định xét nghiệm với hành khách từ TP HCM, Cần Thơ
10, TP HCM ghi nhận nhiều tín hiệu lạc quan trong chống dịch
10, Thông xe 6 nhánh lên xuống đường Vành đai 3
10, Hơn 5.000 tỷ đồng đầu tư làm đường ba tỉnh miền núi
10, Ba người tử vong trong căn nhà cháy
10, Nhiệt độ thấp nhất miền Bắc xuống một độ C
10, Những cuộc thương lượng thưởng Tết 'hàng trăm tỷ đồng'
10, Nhiều sai phạm về quản lý đất ở Đồng Nai
10, Cơ quan ở Thanh Hóa chi tiếp khách sai nhiều tỷ đồng
10, Honda Việt Nam tặng 20.000 mũ bảo hiểm cho người dân
10, Trung tâm Hà Nội vắng vẻ khi siết phòng dịch
10, Tuyết rơi trên đỉnh Fansipan
10, Đồng Nai xây 25 km hàng rào điện tránh xung đột voi với người
10, Kiếm nửa triệu đồng mỗi ngày từ ‘săn sâu đất’
10, Xe khách bị cháy rụi
10, Những việc chủ ôtô cần thực hiện trước 31/12
10, Thủ tướng yêu cầu tiêm vaccine tại nhà cho nhóm nguy cơ cao
10, Bộ sưu tập phác thảo mẫu Quốc huy được công nhận bảo vật quốc gia
10, Nhiều công trình trọng điểm ở TP HCM hoàn thành năm 2021
8, Nhà phát triển AstraZeneca: 'Không thể tiêm vaccine 6 tháng một lần'
8, Phụ nữ triệt sản có bị biến chứng?
8, Ca mổ sinh cho sản phụ Nam Sudan gù vẹo cột sống
8, Giành giật tính mạng sản phụ từ 'bão cytokine'
8, Viễn cảnh kết thúc đại dịch
8, Thay động mạch bị thủng bằng màng tim bò
8, Mối nguy lây nhiễm kép Covid-19 và cúm
8, Omicron có thể là 'vaccine tự nhiên'
8, Ca cộng đồng tăng cao, hơn 22.000 F0 Hà Nội điều trị tại nhà
8, Thêm 14.861 ca nhiễm, Trà Vinh bổ sung 6.867 ca
8, TP HCM ghi nhận ca Omicron thứ 6
8, Sắp cho phép sản xuất thuốc molnupiravir Việt Nam
8, Sinh thường bé trai nặng hơn 5,1 kg
8, Bé trai sốt xuất huyết mất máu trắng toát lòng bàn tay
8, Triệu chứng khác thường của người nhiễm Omicron
8, Cách phát hiện dương tính giả khi test Covid nhanh
8, Thứ trưởng Y tế: 'Omicron có thể ít gây tổn thương phổi'
8, Mỹ phê duyệt tiêm mũi 3 vaccine Covid-19 cho trẻ em
8, Gần 3,5 triệu người đã tiêm mũi 3 vaccine Covid-19
8, F0 nên ăn gì?
8, Sợ di chứng hơn sợ mắc Covid
8, Xuất tinh sớm - gánh nặng tâm lý của người đàn ông
8, Bài tập giúp cơ lưng dày và đẹp
8, Những sai lầm khiến trẻ thấp lùn
8, Nhiều người tiêm vaccine hô hấp giữa lo ngại Covid-19
8, Cách phòng ngừa lây nhiễm khi chăm sóc F0 tại nhà
8, Nổi hạch sau tiêm mũi 3 vaccine Covid-19
8, Thêm 15.936 ca Covid-19, 4 ca nhập cảnh nhiễm Omicron
8, Tại sao cần tiêm mũi 3 vaccine Covid-19?
8, 9 mục tiêu y tế TP HCM năm 2022
8, Ngâm chân phòng bệnh mùa lạnh
8, Con dậy thì sớm - nỗi lo của cha mẹ
8, Biến cố khó lường khi uống rượu, sưởi than ngày lạnh
8, Bài tập giảm mỡ toàn thân
8, Vì sao cần tiêm vaccine ngừa viêm gan A?
8, Cô gái ở Lào Cai tử vong sau tiêm vaccine
8, Thêm 16.948 ca Covid-19
8, Khoa Hồi phục chức năng hậu Covid-19 đầu tiên tại miền Bắc
8, Ca nhiễm Omicron đầu tiên ra viện sau 2 tuần không triệu chứng
8, Mổ tim, đặt ECMO cứu bé sơ sinh
8, Công nghệ sàng lọc phôi thai mang di truyền bệnh tan máu
8, Tình nguyện không nghỉ Tết ở nơi sinh tử
8, 9 loại cây cảnh độc không nên trồng trong nhà
8, 5 bài tập tiêu mỡ thừa toàn thân
8, Khối u mỡ lớn ở cánh tay
8, Thắt ống dẫn tinh có khiến đàn ông trở nên nữ tính?
8, Hơn 7,6 triệu trẻ đã tiêm vaccine Covid-19
8, Thêm 14.835 ca Covid-19
8, '5 ca Omicron đều nồng độ virus thấp, không triệu chứng, nhanh khỏi'
8, 5 ca nhiễm Omicron ở TP HCM đã âm tính
8, Omicron có thể ít gây tổn thương phổi
8, CDC Mỹ: Vaccine Pfizer không gây tác dụng phụ nghiêm trọng ở trẻ
8, Làm gì để tránh lây nhiễm từ bữa tiệc đông người?
8, TP HCM test nhanh khách nhập cảnh Tân Sơn Nhất từ ngày 1/1
8, Di chứng vĩnh viễn hậu Covid-19
8, Dự đoán về đại dịch Covid-19 trong năm 2022
8, Mẹo cải thiện sức khỏe thể chất, tinh thần đón năm mới
8, TP HCM ghi nhận 5 ca nghi nhiễm Omicron
8, Những loại vaccine dành cho cả gia đình
8, Thêm 16.515 ca Covid-19
8, Khẩn cấp rà soát, cách ly F1 của 14 ca nhiễm Omicron
8, Trực thăng diễn tập cấp cứu trên nóc bệnh viện
8, 14 ca nhập cảnh Quảng Nam nhiễm biến chủng Omicron
8, Eo thon dáng đẹp với 9 phút tập bụng
8, Sống trong cảm giác 'chờ đến lượt mắc Covid-19'
8, Cách hạn chế lây nhiễm nCoV khi đi máy bay
8, Biến chứng mắt, thận do ngưng thuốc tiểu đường
8, Đặt ECMO cứu sản phụ mang song thai
8, Những dấu hiệu nguy hiểm khi té, cần đưa trẻ đi khám ngay
8, Bụi mịn làm tăng nguy cơ mắc bệnh đường hô hấp
8, Làm tắc mạch máu nuôi khối u, điều trị ung thư gan
8, Phát hiện gãy xương sườn, xẹp phổi sau tai nạn giao thông 2 ngày
8, Lý do cần chăm sóc hệ tiêu hóa mỗi ngày
8, Ăn uống chung đụng, coi chừng lây nhiễm vi khuẩn HP
8, Thai nhi có dây rốn quấn cổ 4 vòng chào đời an toàn
8, Bé trai có cần tiêm vaccine phòng HPV không?
8, Nguy cơ mất thị lực do bệnh Glaucoma
8, Sai lầm về chế độ ăn 'bỏ đói' khối u ung thư
8, Thêm 17.000 ca nhiễm, Cà Mau bổ sung 2.868 ca
8, TP HCM giải mã gene virus nhiều F0 tìm biến chủng Omicron
8, Biến chứng sau 'làm hồng nhũ hoa'
8, Hơn 80 ca nhiễm ở một bản biên giới
8, Hơn 1,5 triệu người đã tiêm mũi 3 vaccine Covid-19
8, 15 ca nghi Omicron giải trình tự gene virus là Delta
8, Tiếp xúc trực tiếp da của F0 mới là F1
8, Thuốc kháng virus của Nga loạn giá
8, Miễn nhiễm Covid-19
8, Ông Trần Đắc Phu: 'Omicron có thể gây quá tải y tế'
8, Thắc mắc thường gặp về liều vaccine bổ sung và nhắc lại
8, Ca mổ cứu bệnh nhân 'đau ngực như đá đè'
8, Viêm mũi dị ứng ở trẻ nhỏ dễ tái phát
8, Một người có thể thay khớp mấy lần?
8, Truyền máu khẩn cấp trong đêm cứu người bệnh chảy máu ruột non
8, Cách mẹ bầu tự chữa Covid-19 tại nhà
8, Những lưu ý về bệnh thương hàn
8, Trở ngại trong giao tiếp, sinh hoạt vì bệnh đổ mồ hôi tay
8, Khi nào hở van tim nguy hiểm?
8, Cấp cứu thành công bệnh nhân bị nhiễm trùng buồng tim
8, Tại sao các vaccine có thời gian miễn dịch khác nhau?
8, Dự phòng sớm và điều trị dọa sinh non
8, Cách phòng thoái hóa khớp cho người trẻ
8, 'F0 không tùy tiện dùng thuốc kháng viêm khi điều trị tại nhà'
8, Vaccine Nanocovax hiệu quả gần 52% sau 180 ngày
8, Điện thoại đang sạc phát nổ trên tay bé trai
8, Thêm 13.889 ca nhiễm, thấp nhất sau 21 ngày
8, Vaccine Covid-19 đường uống đầu tiên sẽ thử nghiệm tại Việt Nam
8, Làm gì khi test nhanh dương tính nCoV?
8, 'Giảm ca nhiễm vẫn không nên chủ quan'
8, CDC Mỹ: Thời gian ủ bệnh của Omicron là 72 giờ
8, 24 giờ vận chuyển F0 của đội cấp cứu 115
8, Những người dễ mắc di chứng Covid-19
8, 'Ca nhiễm Omicron ở Việt Nam không có khả năng lây cộng đồng'
8, 6 bước tự test nhanh Covid-19 tại nhà
8, 10 sáng kiến chống dịch thành công tại TP HCM năm 2021
8, Năng lực phát hiện Omicron tại Việt Nam như thế nào
8, Dịch vụ F0 khỏi bệnh chăm F0
8, Chuyên gia Mỹ nói cần tiêm hơn 3 liều vaccine để chống Omicron
8, Người bệnh lupus ban đỏ có thể sử dụng tế bào gốc?
8, Khô mắt có thể gây viêm loét giác mạc
8, Cách giúp ngôi nhà trong lành đón năm mới
8, Siêu âm gan thấy khối u có phải ung thư?
8, Tiêm nhắc lại vaccine cúm trễ lịch có hiệu quả?
8, Các phương pháp điều trị thoái hóa khớp
8, Ngộ độc do uống 60 viên thuốc hạ huyết áp, tiểu đường
8, Cho phép xác định người mắc và khỏi Covid bằng test nhanh
8, Ca nhiễm tăng cao, Hà Nội tăng cường điều trị F0 nhẹ tại nhà
8, Thêm 14.440 ca nhiễm
8, Bé trai 5 tuổi viêm cơ tim sau khỏi Covid-19
8, Phân biệt nhiễm Omicron với cúm, cảm lạnh
8, Tự chế pháo, cậu bé suýt mất bàn tay
8, Ghép gan thành công cho bé 2 tuổi
8, Vì sao một số người không mắc Covid-19 dù tiếp xúc gần F0?
8, Việt Nam phát hiện ca nhiễm Omicron đầu tiên
8, Yếu tố giúp phát hiện sớm các F0 dễ chuyển nặng
8, Ai và khi nào nên sử dụng thuốc viên trị Covid-19?
8, Omicron có thể là biến chủng đáng lo ngại cuối cùng
8, Tự điều trị Covid tại nhà
8, Mùa lạnh tắm như thế nào an toàn
8, Bài tập ngoài trời giảm mỡ toàn thân cho cả nam và nữ
8, Làm thế nào mổ u xơ tử cung mà vẫn có thể mang thai?
8, Công thức FDI trong sữa giúp giảm tỷ lệ táo bón
8, Cảnh báo thoái hóa khớp ở người trẻ tuổi
8, Rối loạn nhịp tim sau khi mắc Covid-19
8, Cấp cứu viêm tụy cấp không dùng kháng sinh
8, Nút mạch điều trị phì đại tuyến tiền liệt
8, Sản phụ hai lần ngưng tim trên bàn mổ
8, Thêm 14.872 ca nhiễm, thấp nhất sau 6 ngày
8, TP HCM huy động y tế công - tư tiêm nhanh vaccine mũi 3
8, Nổ bình gas mini, thiếu niên bỏng nặng
8, nCoV tồn tại nhiều tháng trong cơ thể sau khỏi bệnh
8, Hiệu quả liều vaccine tăng cường suy yếu sau 10 tuần
8, Giả kết quả xét nghiệm nhiễm biến chủng Omicron
8, Hoàn thành tiêm mũi ba vaccine Covid-19 vào quý 1/2022
8, Hà Nội giảm ca nặng, tử vong như thế nào
8, Cô bé chiến đấu ung thư giành 50% cơ hội sống
8, F0 nhóm nguy cơ uống ngay molnupiravir dù không triệu chứng
8, Loạn máy đo SpO2
8, Lưu ý khi điều trị F0 trẻ em tại nhà
8, Tinh trùng yếu - nguyên nhân hàng đầu gây vô sinh
8, Can thiệp bảo tồn tử cung
8, F0 ‘không dám’ bệnh
8, Những thực phẩm có lợi cho trí não
8, Tác dụng phụ của mũi 3 Covid-19 như thế nào?
8, Ba bí quyết đối phó cơn đau sốt sau tiêm chủng cho trẻ
8, Đau khớp gối có được đạp xe vận động?
8, Tăng áp động mạch phổi có nguy hiểm?
8, Các dấu hiệu tim mạch bất thường sau mắc Covid-19
8, Tăng cường sức khỏe với nước giải khát bổ dưỡng
8, Trực thăng đưa bác sĩ vượt biển cứu thai phụ
8, Thêm 15.218 ca nhiễm, riêng TP HCM vượt 500.000 ca
8, Gần 800.000 người đã tiêm vaccine mũi 3
8, Lý do người béo dễ trở nặng khi mắc Covid
8, Một năm bùng phát Covid-19
8, Những điều chưa từng có với y tế Việt Nam năm 2021
8, Tại sao thường đau cơ xương khớp vào mùa lạnh?
8, Xử trí triệu chứng cho F0 tại nhà
8, Cách quản lý thai kỳ hiệu quả
8, Dấu hiệu cảnh báo suy tim
8, Ăn gì, kiêng gì khi có bệnh xương khớp?
8, Trật khớp vai liên tục cần mổ không?
8, Dấu hiệu thường gặp khi mắc bệnh trĩ
8, Ca nhiễm ở Hà Nội tăng cao, hơn 10.000 F0 điều trị tại nhà
8, Thêm 15.586 ca nhiễm, tổng số tử vong vượt 31.000
8, Mất ngủ triền miên sau khỏi Covid-19
8, Hoại tử mũi sau tiêm filler
8, 51 ngày chiến đấu Covid của thiếu niên nặng 120 kg
8, Chuyên gia nói quá sớm để nghĩ ‘Covid-19 không còn nguy hiểm’
8, Hiếm muộn do rối loạn cương dương
8, Hiện tượng ngửi mùi hôi thối hậu Covid-19
8, Rối loạn đi tiểu do hội chứng bàng quang tăng hoạt
8, Nhức mắt, đau đầu khi nhìn ánh đèn buổi đêm
8, Triệu chứng bệnh viêm tuyến giáp dễ bị nhầm lẫn
8, Ăn thế nào để phòng loãng xương?
8, Cách lấy mẫu xét nghiệm Sars-CoV-2 qua dịch tỵ hầu
8, Dây chằng khớp háng ít bị tổn thương
8, Các yếu tố làm tăng nguy cơ mắc ung thư đường tiêu hóa
8, Gần 1.000 ca nhiễm một ngày, Tây Ninh thiếu thuốc
8, Thêm 16.157 ca Covid-19
8, Người nhập cảnh dưới 14 ngày không phải cách ly y tế
8, Tia sáng giữa bức tranh u ám Omicron